"","AB679296.1.1452","ARCF01000025.3805.5342","DQ794988.1.1390","HQ781577.1.1455","JQ465255.1.1376","FJ558213.1.1406","New.ReferenceOTU15","AB780903.1.1479","HQ452823.1.1452","AF432136.1.1523","FJ154803.1.1479","JQ453741.1.1405","HQ804762.1.1442","JQ470436.1.1406","JQ470692.1.1406","HQ768280.1.1449","GQ448326.1.1372","DQ794854.1.1388","FJ684827.1.1387","New.ReferenceOTU7","HQ813190.1.1469","GQ267944.1.1490","FJ976001.1.1360","JN682003.1.1436","EU456478.1.1430","EU510198.1.1418","FJ672273.1.1419","KF574954.1.1384","JQ449848.1.1408","HG799976.1.1622","EF510740.1.1425","EF510802.1.1459","New.CleanUp.ReferenceOTU3253","FJ470412.1.1487","JQ474121.1.1403","New.CleanUp.ReferenceOTU369","KC619324.1.1465","JQ467931.1.1298","HQ284971.1.1370","New.CleanUp.ReferenceOTU452","FN421791.1.1370","DQ003626.1.1451","FJ470496.1.1497","FM997695.1.1430","New.CleanUp.ReferenceOTU1903","KF248417.1.1325","JQ460295.1.1424","JQ449383.1.1401","HK241674.1.1513","JQ467902.1.1389","AUFQ01000046.32.1280","HQ757512.1.1440","HQ774884.1.1441","AY672071.1.1502","FM996549.1.1476","New.CleanUp.ReferenceOTU666","GU592680.1.1403","GU592696.1.1506","FM996759.1.1460","JQ463667.1.1394","JQ465935.1.1398","HK241634.1.1509","BAKN01000060.1.1386","AY957555.1.1394","JQ474056.1.1401","JQ475468.1.1351","AY349398.1.1521","AY550998.1.1243","JQ447867.1.1429","FJ470582.1.1494","FM996777.1.1459","FM997245.1.1463","JQ474000.1.1397","JQ462618.1.1403","HK241635.10.1522","JQ474179.1.1395","AY207050.1.1452","JQ460482.1.1399","JQ468300.1.1423","JQ460171.1.1395","JQ460226.1.1424","JQ460118.1.1339","JQ460064.1.1392","JQ460213.1.1416","JQ471950.1.1399","EF510758.1.1453","JQ475348.1.1400","FM996510.1.1447","JQ451957.1.1415","FM996805.1.1458","GU561354.1.1398","JQ460215.1.1385","AY331415.1.1454","New.CleanUp.ReferenceOTU3165","JQ449530.1.1397","JQ472564.1.1391","JQ469968.1.1402","FJ470444.1.1500","AY253728.1.1441","JQ466996.1.1401","FJ470509.1.1509","FM873521.1.1477","KJ877705.1.1440","FJ823150.1.1405","FJ470511.1.1458","FM997726.1.1414","JQ455961.1.1382","New.CleanUp.ReferenceOTU1469","JQ452108.1.1387","LN568753.1.1358","JQ478184.1.1385","New.CleanUp.ReferenceOTU939","New.CleanUp.ReferenceOTU1687","JX883682.1.1468","New.CleanUp.ReferenceOTU791","HM110592.1.1379","FJ467920.1.1455","HM557442.1.1379","DQ912808.1.1449","KJ123781.1.1512","New.CleanUp.ReferenceOTU1240","HQ632010.1.1456","GU459217.1.1482","JX266364.1.1449","AB773246.1.1440","KJ475025.1.1452","JQ236848.1.1432","KF722778.1.1209","LN558606.1.1427","AM110949.1.1501","KC634287.1.1381","JF430806.1.1478","LC002926.1.1503","New.ReferenceOTU13","KJ482903.1.1410","KF798711.1.1506","HQ757360.1.1423","KF843296.1.1419","CU915044.1.1332","JQ448648.1.1423","New.ReferenceOTU16","JQ472534.1.1399","New.CleanUp.ReferenceOTU3091","HQ775782.1.1450","JQ450155.1.1394","New.CleanUp.ReferenceOTU720","JQ454076.1.1382","KF842881.1.1399","New.CleanUp.ReferenceOTU88","New.CleanUp.ReferenceOTU3014","JN001945.1.1405","DQ153092.1.1397","New.CleanUp.ReferenceOTU619","AF468266.1.1419","HQ771781.1.1436","New.CleanUp.ReferenceOTU3030","Z93453.1.1428","KF052584.1.1426","KF749336.1.1365","KC997231.1.1456","Z93447.1.1417","FJ192460.1.1505","JX222454.1.1499","FJ674794.1.1387","FJ192280.1.1424","DQ675026.1.1502","EU775989.1.1417","GQ156675.1.1454","FJ192392.1.1405","AB911319.1.1431","JQ455990.1.1381","JQ463952.1.1398","JQ454678.1.1394","JQ452399.1.1408","JQ463075.1.1401","AY560519.1.1489","JQ451922.1.1426","KF788061.1.1439","KC428686.1.1435","KM035973.1.1444","JQ977476.1.1445","KC286734.1.1495","AB487751.1.1372","HM557048.1.1369","HE653832.1.1496","EU915714.1.1453","KF411729.1.1353","New.CleanUp.ReferenceOTU2685","KP663402.1.1469","HQ681945.1.1486","LN573598.1.1364","GU222249.1.1456","AF361203.1.1501","JF497797.1.1483","KF206367.1.1416","JN391567.1.1502","HE583116.1.1329","New.CleanUp.ReferenceOTU3445","AB252906.1.1490","KF827130.1.1400","AB176187.1.1435","HM243794.1.1512","HQ754889.1.1430","JF808994.1.1491","New.CleanUp.ReferenceOTU1293","GQ133752.1.1398","JN381516.1.1441","KM016983.1.1405","EU037916.1.1448","JQ450518.1.1376","JQ450601.1.1388","New.CleanUp.ReferenceOTU3168","JQ460269.1.1398","DQ536360.1.1451","EU808213.1.1300","New.CleanUp.ReferenceOTU558","New.CleanUp.ReferenceOTU2872","HQ910299.1.1432","JN178365.1.1461","New.CleanUp.ReferenceOTU2032","New.CleanUp.ReferenceOTU992","New.CleanUp.ReferenceOTU123","DQ402044.1.1363","EU488186.1.1483","CU915111.1.1333","KM658319.1.1424","EU488384.1.1450","JQ726809.1.1408","JQ339789.1.1337","Y15444.1.1481","HJ352582.1.1403","KM019986.1.1462","GBEF01033124.3018.4234","AC136521.125908.127371","GBEF01033144.387.1845","GU227221.1.1448","JQ449619.1.1400","FJ470504.1.1484","KC845976.1.1494","AJ576410.1.1441","New.CleanUp.ReferenceOTU3195","JQ460158.1.1398","JQ460386.1.1400","CP007496.118727.120208","New.CleanUp.ReferenceOTU670","New.CleanUp.ReferenceOTU2827","JQ472088.1.1397","LN613067.1.1495","JQ469336.1.1349","AB505216.1.1398","GU227156.1.1398","FJ470457.1.1458","U13042.1.1434","JQ477514.1.1387","GU400649.1.1435","GU592692.1.1470","JQ474335.1.1382","HK240725.1.1487","FJ983026.1.1522","JQ469604.1.1393","New.CleanUp.ReferenceOTU2500","GQ129864.1.1456","HJ352613.1.1416","New.ReferenceOTU14","New.CleanUp.ReferenceOTU1418","AF542230.1.1406","HQ747259.1.1428","JQ469164.1.1381","New.ReferenceOTU9","New.ReferenceOTU22","HE681263.1.1518","New.ReferenceOTU26","FJ470570.1.1488","X67149.1.1349","GU227171.1.1453","JX262684.1.1340","FJ470407.1.1509","KJ679346.1.1336","FM205010.1.1472","JQ353773.1.1410","JQ670744.1.1343","JQ793535.1.1513","FJ937889.1.1415","JX240921.1.1512","EU939411.1.1538","KC748474.1.1538","JX475126.1.1468","EF612340.1.1401","HE578181.1.1477","HQ433462.1.1435","AY328901.1.1385","AUEE01000029.1.1226","KF740563.1.1435","New.CleanUp.ReferenceOTU1751","KC290443.1.1450","HG799946.1.1515","JN540204.1.1484","JQ477833.1.1386","New.ReferenceOTU2","JQ476846.1.1391","JQ466280.1.1392","JQ447797.1.1390","FM996577.1.1478","New.CleanUp.ReferenceOTU2245","New.CleanUp.ReferenceOTU3145","New.CleanUp.ReferenceOTU3353","JQ460832.1.1391","AM420119.1.1497","HQ781899.1.1453","HE681352.1.1518","New.CleanUp.ReferenceOTU2313","FJ470421.1.1463","New.ReferenceOTU5","KC311758.1.1400","HQ616374.1.1372","DQ799996.1.1296","FJ557732.1.1390","DQ808020.1.1390","DQ802760.1.1390","DQ798674.1.1296","DQ802497.1.1393","HE681346.1.1511","JQ456698.1.1395","JQ453384.1.1428","FJ557635.1.1415","HQ818819.1.1484","DQ905952.1.1231","GU304358.1.1508","AY423746.1.1420","AF538861.1.1476","JQ459544.1.1420","JQ457484.1.1420","AB643464.1.1414","FM997532.1.1446","JQ452033.1.1417","JQ451976.1.1418","New.CleanUp.ReferenceOTU2651","AY878645.1.1404","JQ464406.1.1409","New.ReferenceOTU6","HQ744418.1.1434","New.CleanUp.ReferenceOTU695","New.CleanUp.ReferenceOTU1106","EU779265.1.1403","JQ460360.1.1381","HE681360.1.1537","AF385517.1.1525","GQ182981.1.1392","EF509096.1.1462","New.CleanUp.ReferenceOTU3536","New.ReferenceOTU0","GQ175335.1.1530","GQ133542.1.1406","AY005049.1.1490","AF371537.1.1465","HQ796089.1.1463","JQ449330.1.1408","HQ805209.1.1473","FJ366084.1.1366","AJ289181.1.1387","JQ476711.1.1376","New.CleanUp.ReferenceOTU1509","JQ469901.1.1357","JQ463685.1.1363","HQ744820.1.1421","HQ754494.1.1380","New.ReferenceOTU3","HQ809937.1.1419","HQ773058.1.1454","GU227222.1.1478","JQ457591.1.1392","New.CleanUp.ReferenceOTU2473","FJ509883.1.1381","FJ558479.1.1379","JQ460237.1.1233","New.ReferenceOTU17","FJ557873.1.1382","EU266885.1.1476","KF682216.1.1350","FJ382208.1.1380","JN049507.1.1350","New.CleanUp.ReferenceOTU3227","New.CleanUp.ReferenceOTU2448","New.CleanUp.ReferenceOTU1038","AMEM01000002.1.1339","FJ670965.1.1461","New.CleanUp.ReferenceOTU2419","New.CleanUp.ReferenceOTU399","JQ452041.1.1416","JQ466068.1.1410","New.CleanUp.ReferenceOTU591","FJ470491.1.1516","New.CleanUp.ReferenceOTU2812","New.CleanUp.ReferenceOTU211","JX476069.1.1447","New.CleanUp.ReferenceOTU2222","EU540561.1.1380","New.ReferenceOTU11","D83375.1.1474","New.CleanUp.ReferenceOTU449","LN568935.1.1349","FJ536296.1.1437","X80601.29.1395","FM996743.1.1462","JQ467913.1.1316","GU227175.1.1462","JQ454194.1.1393","JQ463232.1.1423","JQ452597.1.1412","AF479270.1.1446","New.CleanUp.ReferenceOTU3931","JQ475358.1.1405","GU227166.1.1471","JQ475838.1.1418","JQ451999.1.1413","JQ472249.1.1423","JF776388.1.1384","EU539565.1.1380","JQ173114.1.1484","GU574021.1.1493","AF194538.1.1471","JQ450291.1.1417","EU540197.1.1385","JQ474796.1.1382","FJ558439.1.1388","New.ReferenceOTU8","EU341177.1.1491","JQ448249.1.1401","HQ323439.1.1508","JQ455050.1.1365","GU227192.1.1474","JQ453541.1.1386","JQ477469.1.1387","JQ461983.1.1384","JQ459299.1.1388","FJ558302.1.1390","JQ461901.1.1386","FJ558511.1.1389","JQ449625.1.1384","JQ448328.1.1387","JQ456948.1.1401","JQ453715.1.1276","JQ463961.1.1387","X99636.163.1687","New.CleanUp.ReferenceOTU279","New.ReferenceOTU19","KJ589933.1.1476","AB818664.1.1488","AM292071.1.1441","JQ014512.1.1407","AM158907.1.1450","New.ReferenceOTU23","JF915346.1.1383","JX222897.1.1497","JIAR01000028.82047.83550","KM347967.1.1395","JX949462.1.1372","JX949463.1.1335","D87974.1.1483","FJ842646.1.1475","New.CleanUp.ReferenceOTU453","HM222661.1.1326","AY914063.1.1481","New.CleanUp.ReferenceOTU3279","HQ616296.1.1326","New.CleanUp.ReferenceOTU3302","HQ812658.1.1398","GASM01010085.160.1564","KF083453.1.1354","HQ802206.1.1448","JF093996.1.1347","HQ754307.1.1415","JF032469.1.1350","FJ957833.1.1518","KF103129.1.1348","GQ157021.1.1232","ACVN02000189.18691.20201","GU227178.1.1443","JQ455459.1.1352","New.CleanUp.ReferenceOTU1690","KM461958.1.1474","JQ454236.1.1363","JQ458380.1.1403","JQ454228.1.1388","JQ468290.1.1393","JQ448232.1.1403","HQ806517.1.1417","EU460927.1.1394","JQ457749.1.1404","HQ805459.1.1462","New.ReferenceOTU12","FJ511842.1.1391","JQ458111.1.1404","JQ460136.1.1406","EU459873.1.1397","FJ558032.1.1405","JQ470910.1.1405","KC545915.1.1486","JQ447146.1.1400","JQ475918.1.1404","JQ449951.1.1408","New.ReferenceOTU20","HQ804561.1.1461","HQ804575.1.1453","JQ471443.1.1406","JQ457507.1.1408","EU344712.1.1500","GU227193.1.1432","EU775682.1.1362","JQ477318.1.1407","JQ448655.1.1406","JQ474676.1.1403","HQ776878.1.1460","JQ457726.1.1407","JQ475844.1.1406","JQ459794.1.1407","HQ788226.1.1406","HM459702.1.1507","New.CleanUp.ReferenceOTU277"
"29-B1",2,14,6,3,1,1,14,7,0,6,205,1557,2,1,1,0,0,0,0,6,4,58,12,168,2,8,0,0,25,0,0,0,0,0,0,0,0,0,0,0,0,0,0,0,0,0,0,0,0,0,0,0,0,0,0,0,0,0,0,0,0,0,0,0,0,0,0,0,0,0,0,0,0,0,0,0,0,0,0,0,0,0,0,0,0,0,0,0,0,0,0,0,0,0,0,0,0,0,0,0,0,0,0,0,0,0,0,0,0,0,0,0,0,0,0,0,0,0,0,0,0,0,0,2,0,0,0,0,0,0,0,0,0,0,0,0,0,0,0,0,0,0,0,0,0,0,0,0,0,0,0,0,0,0,0,0,1,0,48,0,0,20,1,1,1,6,0,0,1,0,0,0,0,0,0,0,0,0,0,0,0,0,0,0,0,3,0,0,0,0,0,0,0,0,0,95,0,0,0,0,0,1,0,81,0,0,0,0,0,0,0,0,0,0,0,4,0,0,0,0,0,0,0,0,0,0,0,0,0,0,0,0,0,0,0,0,0,0,0,0,0,0,0,0,0,0,0,0,0,0,0,0,0,0,0,0,0,0,0,0,0,0,0,0,0,0,0,0,0,0,0,0,0,0,0,0,0,0,0,0,0,0,0,0,0,0,0,0,0,0,0,0,0,0,0,0,0,0,0,0,0,0,0,0,0,0,0,0,0,0,0,0,0,0,0,0,0,0,0,0,0,0,0,0,0,0,0,0,0,0,0,0,0,0,0,0,0,0,0,0,0,0,0,0,0,0,0,0,0,0,0,0,0,0,4,0,264,0,0,0,0,0,0,0,0,1,801,0,0,0,0,0,145,1,0,176,0,0,0,0,0,4,0,0,0,0,0,0,0,0,0,0,0,0,0,0,0,0,0,0,0,0,0,0,0,121,10,115,0,0,0,0,0,0,0,0,0,0,0,0,6,5,4,6,1,849,1,6,1,664,5,0,4,2125,0,4,6,8,6,4,6,7,17,0,0,0,0,0,0,0,0,0,0,0,0,0,3,0,5,2,0,0,0,0,0,0,520,0,0,0,1,3,0,1,0,600,0,0,0,0,0,0,6,1,2,1,1,0,1,2,7,2,3,2,0,3,1,2,0,6,0,1,1,0,3,933,5,1,0,1,2,1,0,3,0,0,1,1,1
"30-B1",0,1,2,3,0,2,34,2,0,12,724,665,2,1,0,0,0,0,0,4,4,0,0,0,0,0,0,0,137,0,0,0,0,0,0,0,0,0,0,0,0,0,0,0,4,7,13,0,0,23,0,0,5,0,1,0,1,22,25,0,0,0,0,0,0,0,0,0,0,0,35,0,0,0,0,0,0,0,1,0,0,0,22,1,7,10,5,0,0,0,1,0,0,11,0,0,0,0,0,0,0,0,0,0,0,0,0,0,0,0,0,1,0,0,0,0,0,0,0,0,0,0,0,0,0,0,0,0,0,0,0,2,1,1,0,0,0,0,0,0,0,0,0,0,0,0,0,0,0,0,0,0,0,0,0,1,0,4,18,0,0,5,0,1,0,3,0,0,0,0,0,0,0,0,0,0,0,0,6,0,0,0,0,0,0,0,0,0,0,0,0,0,0,0,0,3,0,0,0,0,0,0,0,2,0,0,0,12,0,0,0,0,0,0,0,0,0,0,0,0,0,0,0,0,0,0,0,0,0,0,0,0,0,0,0,0,0,0,0,0,0,16,12,0,0,0,8,90,0,0,0,0,24,186,0,0,315,0,0,0,0,0,0,0,0,33,0,27,379,234,20,355,0,0,7,2,0,0,0,0,0,0,0,0,0,0,0,0,0,0,0,0,0,0,0,0,21,4,0,0,0,0,0,48,4,0,0,0,0,0,0,0,0,0,186,0,78,0,0,0,0,0,1,0,0,6,0,0,0,0,0,0,0,0,0,0,0,1,42,18,125,0,0,0,0,0,38,26,39,0,0,0,0,0,295,133,539,7,184,11,1,0,1,0,1050,1,583,0,248,0,0,0,363,3,1,455,0,0,0,0,0,0,0,3,0,0,0,0,0,0,0,0,0,0,0,0,0,147,0,0,0,0,0,2,0,5,0,1,1,0,0,0,0,0,0,0,0,0,0,0,0,0,0,0,0,1,0,0,0,0,0,0,0,7,0,0,0,0,0,0,0,0,0,0,0,0,0,0,0,0,0,11,0,0,0,0,0,0,0,0,0,0,0,0,0,0,0,0,0,0,0,0,2,0,1,473,0,0,0,0,0,0,6,3,2,1,2,2,0,0,1,0,3,3,2,4,5,3,2,0,2,0,0,1,2,1086,1,1,1,0,1,1,1,1,2,0,0,1,2
"31-B2",0,0,0,0,0,2,0,0,0,0,0,16,0,0,0,0,0,0,0,1,0,0,0,0,0,0,0,0,0,0,2,0,0,7,64,0,18,0,0,0,0,0,0,3,0,0,0,0,0,0,0,0,0,0,0,0,0,16,0,0,0,6,13,0,45,10,8,106,23,0,0,0,5,20,1,0,0,0,0,0,0,0,4,0,0,0,0,0,0,0,0,0,0,0,1,171,0,86,0,15,6,0,0,1,220,8,7,4,4,0,0,1,0,0,0,0,0,0,0,0,0,0,0,0,0,5,0,1,0,0,0,0,0,0,0,0,0,0,0,0,0,42,8,17,0,0,0,0,0,0,0,0,0,0,0,0,0,0,21,1,0,7,1,0,0,11,0,0,0,209,145,6,15,23,0,0,0,0,4,0,0,0,0,4,17,24,0,0,0,0,0,0,0,0,0,28,0,0,0,0,4,0,0,13,0,0,0,0,0,0,0,31,0,0,10,0,0,0,0,0,2,0,0,0,0,0,0,0,0,0,0,0,0,0,0,4,24,1,0,0,0,0,17,6,0,0,3,26,0,122,0,89,0,0,0,0,79,0,0,0,0,0,0,0,0,0,0,0,0,0,0,0,0,0,0,0,0,0,0,0,0,0,0,0,0,0,0,0,0,0,0,0,7,0,0,5,0,0,0,0,0,0,0,0,0,0,0,0,0,991,10,281,47,55,0,0,0,0,0,0,0,0,134,1,0,0,0,0,14,1,0,0,11,191,1,21,41,171,37,8,26,0,0,0,0,67,0,0,0,0,0,0,0,0,4,0,15,0,0,0,0,0,355,18,171,2,1066,0,0,0,7,16,78,0,0,106,0,0,0,0,0,0,0,0,0,0,0,8,448,228,14,6,441,0,0,0,0,2,0,0,0,0,0,0,23,21,10,18,4,41,33,6,109,162,192,8,74,0,0,0,4,0,0,0,0,1,0,0,0,2,0,0,0,3,0,0,0,0,0,0,0,0,0,0,0,0,0,0,0,0,0,19,0,0,0,2,1,0,0,0,0,0,0,0,0,0,0,3,0,0,2,2,2,0,1,893,0,16,393,19,7,629,2,0,0,1,0,0,0,0,1,0,0,0,0,0,0,0,0,0,1,0,0,0,0,128,0,1,0,0,0,1,0,0,0,0,0,0,0
"32-B3",0,0,0,1,0,0,4,12,0,3,24,192,0,0,2,0,0,0,0,1,0,0,0,0,0,0,0,9,1,0,0,0,0,0,0,0,0,0,0,10,0,24,0,0,0,0,16,0,7,81,9,0,0,0,123,0,0,99,14,4,18,0,0,0,0,0,0,0,0,0,27,0,14,23,0,0,0,0,0,0,0,2,71,1,10,6,0,0,0,2,3,0,0,15,3,0,0,0,0,0,0,11,0,8,0,0,0,0,0,0,0,0,0,0,0,0,0,0,0,0,0,0,0,0,0,0,0,0,0,0,0,0,0,0,0,0,0,0,0,0,0,0,0,0,0,0,18,13,0,0,0,0,0,5,0,0,17,0,7,0,0,5,0,0,0,1,0,0,0,0,0,0,0,0,0,0,0,0,20,0,0,0,0,2,22,24,0,0,0,0,0,0,0,0,0,41,0,0,0,0,1,0,0,35,0,0,0,0,0,0,0,0,11,0,8,0,0,0,0,0,0,0,0,0,0,0,0,0,0,0,0,0,0,0,0,0,77,0,1,0,4,159,64,0,0,0,0,37,0,0,16,0,23,0,0,0,66,159,0,0,0,0,0,231,34,41,0,21,105,70,8,91,0,106,12,0,80,0,0,0,0,0,0,0,0,0,0,0,0,0,0,0,29,0,0,19,0,60,65,0,56,4,0,0,0,0,0,0,0,0,0,0,0,0,397,0,25,0,0,0,0,0,22,0,4,1,0,0,0,0,0,0,0,0,0,0,0,0,38,19,86,0,0,0,0,15,120,91,65,0,0,0,0,0,0,0,0,0,5,0,0,0,0,0,114,2,2267,2,5,0,0,0,408,2,1,500,0,0,0,0,0,0,0,0,0,0,0,0,0,0,0,0,0,0,0,0,0,0,0,0,0,0,0,0,0,0,0,0,0,0,0,0,0,0,0,0,0,0,0,0,0,0,1,1,0,96,1,1,0,69,0,0,1,203,0,0,0,2,1,1,0,2,0,0,0,0,0,0,0,2,0,149,0,10,0,0,0,0,0,0,0,0,5,0,0,0,0,0,0,3,6,1,4,5,0,1861,0,0,0,0,0,0,0,0,0,1,0,1,0,2,1,1,0,0,0,7,4,0,0,0,0,0,0,0,1,562,1,1,0,1,0,1,1,0,0,0,1,0,0
"33-B1",0,0,0,0,0,0,0,0,0,0,0,1,0,0,0,0,0,0,0,0,0,0,0,0,0,0,0,0,0,5,0,0,0,0,0,0,0,0,0,0,6,0,0,0,0,0,0,0,0,0,0,0,0,0,0,0,0,0,0,0,0,0,0,0,0,0,0,0,0,0,0,0,0,0,0,0,0,0,0,0,0,0,0,0,0,0,0,0,0,0,0,0,0,0,0,0,0,0,0,0,0,0,0,12,0,0,0,0,0,0,0,0,0,0,0,0,0,0,0,0,0,0,0,0,0,0,0,0,0,0,0,0,0,0,0,0,0,0,0,0,0,0,0,0,0,0,0,0,0,27,1195,6,96,0,0,0,3,36,82,0,0,45,0,2,2,23,0,1,4,0,0,0,0,0,0,0,0,0,14,26,0,8,0,0,2,0,0,0,0,0,0,0,0,0,0,9,0,0,0,0,0,0,0,10,1,0,0,0,0,0,0,0,0,0,0,0,0,0,0,0,0,0,0,0,0,0,0,0,0,0,0,0,0,0,0,0,0,0,0,0,0,0,0,0,0,0,0,0,0,0,0,0,0,0,0,0,0,0,0,0,0,14,25,184,0,0,46,0,0,0,0,0,0,0,0,0,0,0,0,0,0,0,0,0,0,0,0,0,0,0,0,0,15,1,0,19,0,0,0,0,0,0,0,0,0,0,0,0,0,0,0,0,0,0,0,0,0,0,0,0,0,0,0,0,0,0,0,0,0,0,0,0,0,0,0,0,0,0,0,0,0,0,0,0,0,0,0,0,0,0,0,0,0,0,0,0,0,0,0,0,0,0,0,0,0,8,4139,2,6,0,0,0,0,0,0,0,0,0,0,0,0,0,0,0,0,36,0,0,0,0,0,0,1,0,0,0,0,309,0,0,0,0,0,0,0,0,0,0,0,0,0,0,0,0,0,0,0,0,0,0,0,0,0,0,0,0,0,0,0,0,0,0,0,2,0,0,0,0,0,0,0,0,0,0,0,0,0,9,0,0,0,36,0,0,0,0,0,0,0,0,4,0,0,0,0,0,0,4,1,1,6,13,6,2,4,3455,0,0,0,0,0,0,0,0,0,0,0,0,0,0,0,0,0,0,0,0,0,0,0,0,0,0,0,0,0,5,0,0,0,0,0,0,0,0,0,0,0,0,0
"34-B1",0,0,0,0,0,0,0,0,0,0,1,1,0,0,0,0,0,0,0,0,0,0,0,0,0,0,18,0,18,0,0,0,0,0,0,0,0,0,0,0,0,0,0,0,0,0,0,0,0,15,0,0,0,0,0,11,0,0,0,0,0,0,0,0,0,0,0,0,0,0,0,0,0,0,0,0,0,0,0,0,0,0,0,0,0,0,0,0,0,0,2,0,0,0,0,0,0,0,0,19,3,0,0,0,0,0,0,0,0,0,0,0,0,0,0,0,0,0,0,0,0,0,0,0,0,0,0,0,0,0,0,32,54,1,0,0,0,0,0,0,0,0,0,0,0,0,37,42,0,0,0,0,0,0,0,0,0,0,3,15,21,4,1,0,0,1,0,0,0,0,0,0,0,0,0,0,0,4,96,0,0,0,0,13,64,96,0,0,0,0,0,0,0,0,0,100,0,2,1,0,1,0,0,70,2,0,0,0,0,0,0,0,0,7,0,0,0,0,7,0,0,2,0,0,0,0,0,0,0,0,0,0,0,0,0,0,0,0,0,0,0,0,7,0,0,0,0,0,0,0,0,0,0,0,0,0,0,0,0,0,0,0,0,2,0,0,18,0,0,1,0,0,0,0,0,0,0,0,0,0,0,0,0,0,0,0,0,0,0,0,0,0,0,0,0,0,0,0,0,0,0,0,0,0,0,0,0,0,0,0,0,0,0,0,0,0,0,0,0,0,0,0,0,0,0,0,0,0,0,0,0,0,0,0,0,0,0,0,0,0,0,0,0,0,0,0,0,1,0,0,0,0,0,0,0,0,0,0,0,0,0,0,0,0,0,9,4754,0,1,0,0,0,36,1,0,43,0,0,0,0,0,27,0,0,0,0,0,0,24,0,0,1,0,0,0,0,0,3,56,11,81,6,64,0,0,0,0,0,0,0,0,0,0,0,0,0,0,6,2,0,0,0,0,0,0,0,0,0,0,0,0,23,0,0,0,0,0,0,0,0,0,0,0,0,0,0,0,0,1,0,0,135,0,0,0,0,0,0,0,0,0,0,0,0,0,0,0,5,4,1,8,18,16,1,8,3836,0,0,0,0,0,0,0,0,0,0,0,0,0,0,0,0,0,0,0,0,0,0,0,0,0,0,1,0,0,3,0,0,0,0,0,0,0,0,0,0,0,0,0
"35-B2",0,1,0,0,0,1,1,0,0,3,0,578,2,0,0,1,9,3,4,5,0,0,0,0,0,0,0,97,0,0,469,18,4,0,0,0,0,0,0,0,0,0,0,2,0,0,0,0,0,0,0,0,0,0,0,0,0,0,0,0,0,0,0,0,0,0,0,0,0,0,0,0,0,0,0,0,0,0,0,0,0,0,0,0,0,0,0,0,0,0,0,0,0,0,69,0,0,0,0,0,11,0,0,0,0,0,0,0,0,0,5,0,0,0,0,0,0,0,0,0,0,0,0,0,0,0,0,0,0,0,0,0,0,14,0,0,0,0,0,0,0,0,0,0,0,0,236,173,0,0,0,0,0,0,0,4,0,0,173,4,0,73,2,3,0,55,1,0,1,0,0,0,369,463,0,0,5,0,0,0,0,0,0,15,33,64,0,0,0,0,0,0,0,0,0,23,0,0,0,0,1,0,0,9,0,0,0,4,0,0,0,0,0,0,0,0,0,0,0,0,0,0,0,0,0,0,0,0,0,0,0,0,0,0,0,0,0,0,0,0,0,0,69,0,0,0,0,0,0,0,0,0,0,0,0,0,0,0,0,0,7,0,0,0,0,0,0,0,0,0,0,0,0,0,0,0,0,45,117,28,0,0,0,0,0,0,0,0,0,248,0,0,0,0,0,0,0,0,0,0,100,3,0,0,0,0,0,55,0,0,0,1201,0,0,0,0,0,0,0,0,0,0,35,0,0,0,6,0,0,0,0,0,0,0,0,0,0,0,0,0,0,0,0,0,0,0,0,0,0,0,0,0,0,0,0,0,0,1,85,17,0,3,297,0,647,1,1157,0,1,0,0,0,345,3,2,401,0,0,0,0,0,0,0,0,0,0,0,0,0,0,0,0,0,0,0,0,130,0,0,0,0,0,0,0,0,0,0,0,0,0,0,0,0,0,0,0,0,0,0,0,0,0,0,1,0,32,0,1,0,12,0,0,0,45,0,0,0,0,0,0,0,0,0,0,0,0,0,0,2,1,0,51,0,0,0,26,26,4,0,0,61,0,505,5,67,0,0,0,0,0,2,12,0,5,0,882,0,0,0,0,0,0,1,0,3,0,0,0,2,0,0,0,0,0,1,3,0,1,0,0,1,1,0,0,1,76,2,0,2,2,0,0,0,0,0,0,0,1,0
"36-B3",0,1,0,1,0,4,8,4,0,3,55,505,1,6,1,0,0,0,0,5,2,0,0,0,0,0,0,14,282,0,8,0,0,0,0,0,0,0,0,0,0,0,15,42,0,0,0,0,0,33,23,0,0,0,1,0,0,4,0,0,0,0,0,9,0,0,0,0,0,4,3,0,0,0,0,0,0,0,0,0,0,1,14,0,9,3,0,1,0,0,4,0,0,0,1,8,0,0,37,1,31,0,0,1,4,0,1,0,0,0,0,0,0,0,0,0,0,0,0,0,0,0,0,0,0,0,0,0,0,0,0,0,0,0,0,0,0,0,0,0,43,18,0,0,5,2,94,62,0,1,0,0,2,0,0,0,1,0,18,0,0,5,0,0,0,6,0,0,0,0,0,0,158,224,28,30,1,1,2,0,0,0,0,0,0,0,1,0,0,0,0,0,4,0,9,11,0,0,0,0,0,0,0,12,0,0,0,0,0,0,0,1,24,0,0,0,0,0,0,0,0,0,1,0,0,0,0,0,0,0,0,0,0,0,0,22,258,1,3,12,0,77,35,0,0,0,2,20,0,4,0,0,15,23,4,1,202,0,59,7,0,0,0,0,0,0,0,6,2,2,0,14,72,0,2,0,10,0,0,0,0,0,0,0,0,0,0,0,0,7,0,0,0,0,0,0,0,0,0,0,1,1,2,0,0,50,1,0,0,14,0,50,1,5,225,0,100,0,0,0,0,0,159,0,0,0,0,0,0,0,0,0,0,13,0,0,0,12,3,2,5,0,0,0,8,1,6,7,4,0,0,0,0,0,44,23,19,128,441,17,0,4,373,27,147,0,187,0,0,0,0,0,586,4,2,778,0,0,0,0,0,0,6,0,79,0,0,0,0,0,0,0,1,0,0,0,0,0,0,0,0,0,0,88,0,5,0,9,0,0,0,0,0,0,0,0,19,0,0,0,0,0,1,6,0,180,1,0,0,161,0,0,1,462,0,0,2,3,3,1,0,3,1,0,0,0,0,18,0,0,0,3,0,0,4,0,0,0,0,0,0,0,0,0,0,0,0,0,0,0,0,0,1,0,0,146,0,7,229,8,3,525,2,1,1,4,1,1,0,2,2,2,3,9,2,2,0,1,1,1,2,3,0,1,2,1596,3,3,0,1,2,1,0,0,1,1,2,4,3
"37-B1",2,20,0,2,1,2,8,2,0,6,22,948,0,3,0,0,0,0,0,6,4,0,0,0,0,0,0,9,90,0,41,0,0,0,2,0,0,41,0,0,0,0,0,0,0,0,103,0,0,4,0,0,33,4,307,0,13,0,0,0,0,0,0,4,0,0,0,0,0,0,150,0,0,1,0,4,4,4,3,4,3,28,1974,19,388,16,30,34,8,0,107,1,0,0,142,0,13,0,100,0,17,0,0,0,9,0,0,0,0,0,0,0,0,4,6,0,1,0,0,0,0,0,0,0,0,0,0,0,0,0,0,1,1,0,0,0,0,0,0,0,0,0,0,0,44,0,45,40,0,0,0,0,0,0,0,0,0,0,21,0,0,18,1,0,0,6,0,0,0,0,0,0,25,19,1,0,0,3,13,0,0,0,0,2,10,9,0,0,0,0,0,0,0,0,0,111,0,0,1,0,3,0,0,92,2,0,0,0,0,0,0,2,23,0,0,0,0,0,0,0,0,0,0,0,0,0,0,0,0,0,0,0,0,0,0,0,189,0,1,0,0,3,21,0,0,0,0,0,0,0,0,0,0,3,0,4,164,0,0,0,0,0,0,0,0,0,0,10,27,6,0,10,0,1,85,0,22,0,0,0,0,0,0,0,0,0,0,0,0,0,0,0,0,0,0,0,0,3,2,9,0,0,0,0,0,0,0,0,0,0,0,0,2,0,80,0,0,0,0,0,0,0,166,9,22,0,0,0,0,0,16,1,0,0,0,0,0,0,195,53,307,0,0,0,0,0,6,6,41,0,0,0,0,0,0,0,0,4,323,4,0,0,194,0,169,1,151,0,0,3,0,0,579,1,5,693,1,0,0,0,0,0,0,0,0,0,0,0,0,0,0,0,0,0,0,0,0,0,0,0,0,0,0,81,0,0,0,0,0,0,0,0,0,0,0,0,0,0,0,0,0,0,0,0,0,29,0,1,0,19,0,0,0,98,0,0,1,0,0,1,0,0,0,0,0,0,0,45,0,0,0,18,0,0,0,0,0,0,0,0,0,0,0,0,0,0,0,0,0,0,0,0,0,0,0,107,0,0,0,0,0,0,3,0,3,1,1,0,0,0,8,1,1,1,2,4,2,1,1,1,0,0,1,1,2,563,0,38,0,2,4,1,1,5,4,0,2,0,1
"38-B2",0,3,0,0,1,4,8,5,0,11,87,1351,4,0,5,0,0,0,0,9,1,0,0,0,0,0,0,0,269,0,50,0,0,0,0,3,0,0,0,0,0,0,0,0,0,0,4,0,2,0,0,0,20,11,95,0,2,0,0,0,0,0,0,3,0,0,0,0,0,0,1,10,0,1,0,0,0,1,3,1,1,8,451,6,95,3,15,16,1,0,126,2,0,0,7,0,14,0,24,0,13,0,0,12,3,0,0,0,0,0,3,0,0,0,0,0,0,0,0,0,0,0,0,5,0,0,0,0,0,0,0,0,0,0,0,0,0,0,0,0,0,0,0,0,0,0,45,20,0,0,0,0,0,0,0,0,0,0,0,0,0,0,0,0,0,0,0,0,0,15,18,0,27,32,0,0,0,0,0,0,0,0,0,0,0,0,4,1,0,0,0,0,0,0,0,0,0,0,0,0,0,0,0,0,0,0,0,0,0,0,0,0,0,0,0,0,0,0,0,0,0,0,0,0,0,0,0,0,0,0,0,0,0,0,0,0,708,1,8,0,0,39,30,0,0,0,2,33,0,0,0,0,127,26,0,25,138,0,0,0,0,0,0,0,0,0,0,62,127,68,5,85,0,0,38,0,127,0,0,0,0,0,0,0,0,0,0,0,0,0,0,0,0,0,0,0,0,22,22,49,0,0,11,0,0,0,37,0,0,49,0,0,8,12,196,0,6,0,0,0,0,0,115,1,3,0,0,0,0,0,19,4,0,0,0,0,0,0,93,34,214,0,0,0,0,0,63,54,28,0,0,0,0,0,1,0,121,15,521,10,0,0,169,0,285,0,45,0,0,4,0,0,601,3,6,667,0,0,0,0,0,8,0,0,7,0,0,0,1,0,0,0,0,0,0,0,0,0,0,0,0,0,0,172,0,12,1,7,1,0,0,0,0,0,0,0,2,0,0,0,0,2,0,0,1,155,0,1,0,111,0,6,1,295,0,0,3,4,1,0,1,1,1,0,0,0,0,0,0,0,0,0,0,0,0,0,0,0,0,0,0,0,0,0,0,0,0,0,0,0,0,0,0,0,0,30,0,0,0,0,0,0,4,2,4,0,0,0,0,2,6,1,2,1,4,4,2,1,2,1,3,2,0,1,3,886,3,13,0,3,1,2,1,1,4,4,2,0,3
"39-B3",5,7,0,2,0,1,5,4,1,6,34,965,2,2,2,0,0,0,0,12,2,0,0,0,0,0,0,0,161,0,267,0,0,0,1,34,0,0,0,0,0,0,0,0,0,0,5,0,16,13,0,0,1,32,168,0,20,0,0,0,0,0,0,0,0,0,0,0,0,0,68,9,12,51,0,0,1,1,9,0,6,33,1617,4,276,15,32,37,2,0,179,11,0,0,174,0,0,0,63,0,4,0,0,12,4,0,0,0,0,0,0,0,0,0,0,0,0,0,0,0,0,0,0,0,0,0,0,0,0,0,0,0,0,0,0,0,0,0,0,0,0,0,0,0,35,0,99,81,0,0,0,0,0,0,0,0,0,1,3,0,0,6,0,1,0,2,0,0,0,0,0,0,8,10,0,0,0,1,8,0,0,0,10,3,3,8,0,0,0,0,0,0,0,0,0,9,0,0,0,0,0,0,0,9,0,0,0,0,0,0,0,1,0,0,0,0,0,0,0,0,0,0,0,2,6,0,0,0,0,0,0,0,0,0,0,0,227,11,1,18,1,87,57,0,1,0,7,51,0,0,0,0,52,23,0,0,100,0,0,0,0,0,0,0,0,0,0,5,55,40,3,59,0,0,11,0,14,0,0,0,0,0,0,0,0,0,6,0,0,0,0,0,15,0,0,9,0,2,0,10,0,0,0,0,0,0,29,0,0,0,0,0,12,20,104,0,35,0,0,0,0,0,238,1,63,0,0,0,0,0,1,0,0,0,0,0,0,0,217,103,577,0,0,0,0,0,29,34,0,0,0,0,0,0,0,0,1,6,126,20,4,0,119,0,518,0,182,0,0,0,0,0,221,1,1,306,0,0,0,0,0,0,0,0,0,0,9,0,0,0,0,0,0,0,0,0,0,1,0,0,0,0,0,28,2,0,0,0,0,0,0,0,0,0,0,0,0,0,0,0,0,1,1,0,0,47,0,0,0,43,1,0,0,123,0,0,1,0,1,0,0,0,0,0,0,0,0,0,0,0,0,0,0,0,0,0,0,0,0,0,0,0,0,0,0,0,0,0,0,0,0,0,0,0,0,157,119,48,0,0,0,0,3,2,3,5,0,0,0,6,6,2,3,0,3,3,4,0,0,0,3,1,3,0,0,665,3,0,3,0,0,5,0,1,2,0,1,1,1
"40-B1",0,0,0,0,0,0,0,0,0,0,1,1,0,0,0,0,0,0,0,0,0,0,0,0,0,0,0,0,0,0,0,0,0,0,0,0,0,0,0,0,0,0,0,0,0,0,0,0,0,0,0,0,0,0,0,0,0,0,0,0,0,0,0,0,0,0,0,0,0,0,0,0,0,0,0,0,0,0,0,0,0,0,0,0,0,0,0,0,0,0,0,0,0,0,0,0,0,0,0,0,0,0,0,0,0,0,0,0,0,0,0,0,0,0,0,0,0,0,0,0,0,0,0,6,15,48,2,30,6,0,41,69,121,0,0,0,0,0,0,0,0,0,0,0,0,0,0,0,0,0,0,0,0,0,0,0,24,16,606,0,0,261,6,12,1,148,1,3,3,0,0,0,0,0,0,0,0,0,16,0,0,0,0,11,60,111,0,0,0,91,0,0,0,0,0,1416,13,7,127,6,53,34,4,1163,19,0,0,3,0,0,0,0,0,0,51,0,0,0,0,0,0,0,0,214,244,6,5,22,11,0,0,0,0,0,0,0,0,0,0,0,0,0,0,0,0,0,0,0,0,0,0,0,0,0,0,0,0,0,0,0,0,0,0,0,0,0,0,0,0,0,0,0,0,0,0,0,0,0,0,0,0,0,0,0,0,0,0,0,0,0,0,0,0,0,0,0,0,0,0,0,0,0,0,0,0,0,0,0,0,0,0,0,0,0,0,0,0,0,0,0,0,0,0,0,0,0,0,0,0,0,0,0,0,0,0,0,0,0,0,0,0,5,18,41,0,0,0,0,0,0,0,639,68,5,0,0,0,0,0,0,0,0,0,0,0,0,561,0,0,0,0,0,0,0,0,0,0,0,0,0,0,0,0,0,0,0,0,0,0,0,0,0,0,0,0,0,0,151,0,0,0,0,0,0,0,0,0,0,0,0,0,0,0,22,1,0,0,0,0,0,0,0,0,0,0,0,0,0,0,0,0,0,0,0,0,0,0,0,0,0,0,0,0,0,0,0,102,0,4,42,10,2650,2,0,2,20,29,2,10,7,0,0,0,0,0,0,0,0,0,0,0,1,2,0,0,410,0,0,0,0,0,0,0,0,0,0,0,0,0,0,0,0,0,0,0,0,0,0,0,0,0,0,0,0,0,0,0,0,0,0,0,0,0,0,0,0,0,0,0
"41-B2",6,20,0,1,14,4,3,8,0,6,22,371,1,0,0,0,0,0,0,12,2,0,0,0,0,0,0,181,215,0,4,0,0,0,0,0,0,0,0,0,0,0,0,0,0,0,46,0,17,0,0,0,0,18,8,0,0,0,0,0,0,0,0,11,0,0,0,0,0,0,0,0,0,0,0,0,0,1,1,0,0,1,47,0,6,6,0,0,0,1,170,6,0,0,0,0,0,21,0,0,90,0,0,9,41,0,0,0,0,0,24,0,0,0,0,0,0,0,0,0,0,0,0,0,0,0,0,0,0,0,0,0,0,0,0,0,0,0,0,49,58,0,0,0,7,0,175,134,0,0,0,0,0,0,0,0,0,0,14,0,0,10,0,1,0,6,0,0,0,133,94,0,140,171,52,9,1,1,4,0,0,0,0,0,0,3,0,0,0,0,0,0,0,0,0,5,0,0,0,0,0,0,0,0,0,0,0,0,0,0,0,0,11,0,0,0,0,0,0,0,0,0,0,0,0,0,0,0,0,0,0,0,0,0,0,0,61,0,1,0,1,14,9,0,44,6,14,316,1,0,0,0,0,74,0,0,0,0,0,6,0,0,0,0,0,0,0,4,0,0,0,161,0,0,0,0,44,0,0,0,0,0,0,0,0,0,0,0,0,0,0,0,4,0,0,1,0,0,19,0,0,0,0,5,0,0,10,0,0,0,0,0,18,15,134,0,15,0,0,0,0,0,85,1,2,0,0,0,0,0,137,8,0,0,0,0,0,12,21,4,71,0,0,0,0,0,3,0,0,2,0,0,0,0,120,39,708,71,105,0,0,5,552,0,2,0,90,0,0,2,0,0,594,5,2,690,1,0,0,0,0,0,0,0,105,0,0,0,0,0,0,0,0,0,300,6,0,178,0,0,0,0,0,119,0,0,0,0,0,0,0,0,0,2,4,1,1,0,0,0,0,0,0,2,4,53,0,1,0,38,0,14,0,152,0,0,0,2,0,0,0,0,0,0,0,0,0,0,0,0,0,0,0,0,0,0,0,0,0,0,0,0,0,0,0,0,0,0,0,0,0,0,1,0,0,71,0,0,0,0,0,0,2,1,1,6,2,0,1,6,4,0,3,1,4,4,2,1,2,1,4,2,1,3,3,1945,4,2,0,3,1,4,0,1,3,0,1,1,4
"42-B3",10,28,1,2,0,0,14,0,0,5,157,680,0,1,0,0,0,0,0,2,0,0,0,0,0,0,0,28,18,0,0,0,0,0,0,0,0,0,0,0,0,0,0,0,0,0,0,0,0,0,0,0,0,3,1,0,0,0,0,0,0,0,0,0,0,0,0,0,0,0,0,0,0,0,0,1,1,1,1,0,0,1,160,4,50,89,0,9,1,0,76,0,0,0,0,0,0,0,0,0,0,0,0,0,0,0,0,0,0,0,0,0,6,0,0,0,0,0,0,0,0,0,0,7,0,0,0,0,0,0,0,0,0,0,1,0,0,0,2,0,1,0,0,0,0,0,0,0,39,0,0,0,0,0,0,13,0,0,41,0,0,14,1,2,0,16,0,0,0,0,0,0,0,0,0,0,0,0,2,0,0,0,0,2,10,14,0,0,0,0,0,0,0,0,0,48,0,0,0,0,2,0,0,42,2,0,0,0,0,0,0,0,0,1,0,0,0,0,0,0,0,0,0,0,0,0,0,0,0,0,0,10,0,0,0,0,65,0,2,7,0,0,0,0,6,2,0,124,0,0,0,0,0,0,0,0,0,0,0,0,0,0,0,0,0,0,0,0,0,0,0,0,0,0,0,74,12,0,0,0,0,0,0,0,0,5,0,0,0,0,0,0,0,0,0,0,0,0,59,0,0,0,18,0,0,0,11,0,0,0,0,0,0,0,57,0,0,0,0,0,0,31,44,0,0,0,0,0,0,0,80,0,0,0,0,0,0,0,2,3,64,0,0,0,0,0,3,4,0,0,0,0,0,0,1,0,191,3,8,0,0,0,0,0,0,7,1913,4,1,0,0,0,352,1,1,422,0,0,0,4,0,0,0,0,0,0,0,0,0,0,0,0,0,0,869,11,0,1425,0,0,0,0,0,21,0,0,0,1,0,0,0,0,0,0,0,0,0,0,0,11,0,0,0,0,0,0,0,0,0,0,0,0,0,0,0,0,0,0,0,0,0,0,0,0,0,0,0,0,0,3,0,48,0,0,0,0,0,0,0,0,0,0,0,0,0,0,0,0,0,0,0,5,9,4,2,1480,0,1,0,3,3,293,1,2,2,1,0,0,0,1,1,0,0,3,1,0,1,3,1,0,3,3,0,0,1,514,4,0,2,0,0,2,0,0,0,1,1,0,0
"44-B2",2,6,0,1,0,2,1,1,0,2,16,120,1,0,1,0,0,0,0,1,1,0,0,0,5,4,0,0,14,0,0,0,0,0,0,0,0,0,0,0,0,0,0,0,0,0,0,0,0,0,0,0,0,0,1,0,0,0,0,0,0,0,0,0,0,0,0,0,0,0,0,0,0,0,0,0,0,0,0,0,0,0,4,0,1,0,0,0,0,0,0,0,0,0,0,0,0,0,0,0,0,0,0,0,0,0,0,0,0,0,0,0,0,0,0,0,0,0,0,0,0,0,0,0,0,0,0,0,0,0,0,0,0,0,0,0,0,0,0,0,0,5,0,0,0,0,0,0,0,0,0,0,0,0,0,0,16,0,24,0,0,11,0,0,0,8,0,0,0,0,0,0,0,0,0,0,0,0,0,0,0,0,0,0,0,1,0,0,0,0,0,0,0,0,0,1,0,0,0,0,0,0,0,0,0,0,0,0,0,0,0,0,0,0,0,0,0,5,0,0,25,0,0,0,0,0,0,0,1,0,8,0,0,0,0,0,0,0,0,0,0,0,0,0,0,0,0,0,0,0,0,0,0,0,0,0,0,0,0,0,0,0,0,1,0,0,0,1,1,0,0,0,0,0,0,0,0,0,0,0,0,0,0,0,0,0,0,0,0,0,0,0,45,1,5,44,0,0,0,0,0,0,0,0,0,0,0,0,0,0,0,0,0,0,17,0,0,0,0,0,0,0,3,0,0,0,0,8,0,0,0,0,0,0,0,0,0,0,3,0,1,0,0,0,0,0,0,0,0,0,21,0,0,0,0,0,24,0,5,0,0,0,1,0,6,10,4177,13,293,0,0,0,3,0,0,5,0,0,0,0,0,0,0,9,0,0,0,0,0,0,0,0,0,0,0,0,0,62,0,0,0,0,0,0,0,7,4,8,0,0,0,2,0,0,0,0,4,0,0,0,0,0,0,0,0,11,0,0,0,9,0,0,0,28,0,0,0,0,0,0,0,0,0,88,0,24,0,0,0,14,0,13,0,0,0,0,0,0,0,0,0,0,0,0,0,14,626,8,2,0,6,12,6,4,3,3359,0,0,0,0,0,0,1,0,1,1,0,0,0,0,0,3,0,0,2,0,1,0,0,0,0,0,0,0,0,634,0,2,0,0,1,0,0,2,2,0,1,0,0
"45-B3",0,1,2,0,2,5,15,3,0,3,126,680,2,4,1,7,0,17,0,6,7,0,12,0,0,0,0,0,0,0,0,0,0,0,0,0,0,0,0,0,0,0,0,0,0,0,0,0,0,0,0,0,0,0,0,0,0,0,0,0,0,0,0,0,0,0,0,0,0,0,0,0,0,0,0,0,0,0,0,0,0,0,0,0,0,0,0,0,0,0,0,0,0,0,0,0,0,0,0,0,0,0,0,0,0,0,0,0,0,0,0,0,0,0,0,0,0,0,0,0,0,0,0,0,3,1,123,2,0,31,5,0,0,6,13,0,0,3,21,0,0,0,0,0,0,0,0,0,0,0,0,0,0,0,0,0,0,0,47,0,1,30,2,0,0,7,1,0,1,0,0,0,0,0,0,0,0,5,89,0,0,0,0,1,9,19,3,0,0,0,0,0,0,12,0,7,0,0,0,0,0,0,0,8,0,0,0,61,1,0,0,0,0,0,0,0,0,0,0,0,0,0,0,0,0,0,0,0,0,0,0,0,0,0,0,0,0,0,0,0,0,0,0,0,0,0,0,0,0,0,0,0,0,0,0,0,0,0,0,0,0,0,0,0,0,0,0,0,0,0,0,0,0,0,0,0,0,0,0,0,0,0,0,0,0,0,0,0,48,0,0,33,511,18,1,391,0,0,0,0,0,0,0,0,0,0,0,0,0,0,0,0,0,0,0,36,0,37,1,28,17,0,12,0,0,0,0,0,0,0,0,0,0,0,0,0,0,0,2,0,3,0,0,0,0,0,0,0,0,28,293,0,0,0,0,26,0,0,0,0,0,0,0,0,0,8,1036,1,2,0,0,0,0,0,0,0,0,154,0,0,0,0,0,0,0,0,0,0,0,0,0,0,0,0,75,1,0,1387,0,0,0,0,0,0,0,5,0,14,0,0,0,14,0,0,0,0,0,0,0,0,15,0,0,0,0,39,0,1,0,28,0,0,0,103,4,0,0,2,0,1,1,0,0,262,1,34,0,0,1,1,0,120,0,0,0,0,0,0,0,0,0,15,0,0,0,0,0,1,1,0,0,2,0,0,0,870,0,0,0,0,0,0,13,5,1,1,1,0,0,5,10,2,5,1,5,3,4,6,0,2,4,2,8,5,8,2646,4,1,5,5,4,6,6,1,1,6,6,4,1
"48-B3",0,1,1,0,1,3,11,1,0,4,89,256,2,2,1,0,0,0,0,6,3,0,0,0,0,0,0,2,0,0,0,0,0,0,0,0,0,0,44,0,0,0,0,0,0,29,0,6,0,0,0,0,0,0,14,0,0,0,0,0,0,0,0,0,0,0,0,0,0,0,2,0,0,0,0,0,0,0,0,0,0,2,63,0,13,1,0,1,0,0,21,0,0,0,0,0,0,0,0,0,13,0,0,2,82,0,0,0,0,0,0,11,0,0,0,0,0,0,0,0,0,0,0,0,0,0,0,0,0,0,0,0,0,0,0,0,0,0,0,2,0,0,0,0,23,122,15,10,0,0,0,0,0,0,1,0,0,4,25,0,0,12,2,3,0,13,0,0,0,0,0,0,123,212,0,0,1,4,38,0,0,0,0,7,21,31,0,0,0,0,0,0,0,0,0,80,0,0,0,0,3,0,0,39,0,0,0,0,0,67,13,1,106,0,0,0,0,0,0,0,0,0,0,0,0,0,0,0,0,0,0,0,0,0,0,0,49,0,0,11,1,90,49,0,3,0,3,150,0,0,0,0,0,0,0,0,0,0,0,0,0,0,0,0,0,0,0,0,0,0,0,0,0,0,0,0,0,0,0,0,0,0,0,0,0,0,0,0,0,0,0,0,280,7,0,235,0,0,0,0,0,0,4,0,0,32,0,0,4,0,0,0,35,20,451,0,0,0,0,0,0,0,25,0,0,0,0,0,0,0,5,0,0,0,0,0,0,0,13,11,136,0,0,0,0,0,0,0,0,0,0,0,0,0,1,0,261,40,314,0,0,8,962,102,4,0,530,0,335,1,0,0,281,6,0,301,0,0,0,0,0,0,0,24,0,0,0,0,0,0,0,0,0,0,939,19,0,0,0,0,0,0,0,0,0,1,1,2,0,0,0,0,0,4,3,0,2,0,0,0,0,0,0,0,0,23,21,0,6,20,0,27,0,52,0,0,0,0,0,0,0,0,0,0,0,0,0,0,0,0,0,1,8,0,0,0,0,0,0,0,0,0,0,0,0,0,329,0,0,0,2,3,0,0,0,370,0,0,0,0,0,0,0,3,3,2,1,0,0,3,2,4,1,2,3,5,2,1,0,0,1,1,2,1,2,1553,1,6,5,1,2,2,0,1,1,3,0,2,0
"49-B1",0,0,0,2,1,5,14,5,0,10,137,1473,3,3,0,0,0,0,0,10,1,0,0,0,0,0,0,0,466,0,7,0,0,1,0,0,0,0,0,0,0,0,0,1,0,0,39,0,0,1,0,1,0,0,48,0,0,5,0,0,0,1,0,4,0,0,0,0,0,0,24,0,0,1,11,0,1,0,0,0,0,0,54,2,17,8,58,5,0,7,77,2,1,0,10,1,0,8,3,0,62,4,0,7,0,0,0,0,0,0,1,0,0,0,0,0,0,0,0,0,0,0,0,0,0,0,0,0,0,0,0,0,0,0,0,0,0,0,0,0,0,0,0,0,0,0,55,52,0,0,0,0,0,0,0,0,0,0,0,0,0,0,0,0,0,0,0,0,0,0,0,0,66,88,0,0,0,0,0,0,0,0,0,0,0,0,0,0,0,0,0,0,0,0,0,0,0,0,0,0,0,0,0,0,0,0,0,0,0,0,0,0,0,0,0,0,0,0,0,0,0,0,0,0,0,0,0,0,0,0,0,0,0,0,0,0,44,0,1,0,0,29,7,0,0,0,0,2,0,0,0,0,11,109,0,0,0,1,0,0,0,0,0,0,0,1,0,0,9,7,0,13,4,10,43,3,27,0,0,0,0,0,0,0,0,0,0,0,0,0,0,0,1,1,0,0,0,0,0,0,0,0,0,0,0,0,13,0,0,0,0,0,45,45,63,0,129,0,0,0,0,0,54,0,12,0,0,0,0,0,29,0,2,10,18,0,0,0,12,25,115,0,0,0,0,0,84,76,0,0,0,0,0,0,0,0,29,90,517,2,0,0,123,73,56,0,41,0,3,1,0,0,1019,3,1,1275,0,0,0,0,0,0,0,0,0,0,0,0,0,0,0,0,0,0,0,0,0,5,0,0,0,0,0,227,0,0,0,0,0,0,0,0,0,0,0,0,0,0,0,0,0,0,0,2,1,176,1,0,0,126,0,0,2,455,0,0,2,2,0,3,1,0,4,0,0,0,0,0,0,0,0,0,0,0,0,0,0,0,0,0,0,0,0,0,0,0,0,0,0,1,0,0,0,0,0,41,0,0,0,0,0,0,6,1,3,5,4,1,0,6,12,4,2,4,7,5,1,0,4,2,1,5,1,0,5,1539,4,2,3,1,0,4,0,3,1,1,2,0,1
"50-B2",0,0,1,5,0,1,3,4,0,3,52,564,0,3,1,0,0,0,0,3,1,0,0,0,0,0,0,0,39,0,0,0,0,0,0,0,0,0,0,0,1,0,12,94,0,0,48,0,0,0,0,6,0,0,40,0,0,8,0,0,0,0,0,0,0,0,0,0,0,0,3,0,0,0,0,0,0,0,1,1,0,0,24,3,24,10,110,5,2,21,55,3,98,0,27,0,0,7,71,0,5,3,0,0,0,0,0,0,0,0,0,1,0,0,6,0,0,0,0,0,0,0,0,2,0,0,0,0,0,0,0,0,0,67,0,0,0,0,0,0,0,0,0,0,0,0,15,8,0,0,0,0,0,0,6,0,0,0,5,0,0,7,0,0,0,1,0,0,0,0,0,0,11,13,0,0,0,10,44,1,0,0,0,3,11,16,1,0,0,0,0,0,0,0,0,18,0,0,0,0,0,0,0,14,0,0,0,13,0,0,0,0,0,0,0,0,40,0,0,0,0,0,0,0,0,0,0,0,0,0,0,0,0,0,16,0,39,0,0,0,2,51,19,0,0,0,0,0,0,0,0,0,17,3,0,0,0,0,4,0,0,0,0,0,0,0,0,0,0,0,0,0,0,0,20,30,0,0,0,0,0,1,0,1,0,0,0,0,0,0,0,0,36,0,0,26,0,0,0,0,0,0,0,0,0,0,0,0,0,0,0,0,153,166,51,0,89,0,0,0,0,0,64,0,20,0,0,0,0,5,6,0,2,28,0,0,0,0,36,55,146,0,0,0,0,0,92,76,0,0,0,0,0,0,0,0,351,8,42,10,0,1,33,88,208,4,1201,0,332,0,0,0,902,3,3,1073,4,0,0,0,0,0,0,0,0,0,0,0,0,0,0,0,0,0,1,0,0,0,0,0,0,0,0,133,0,0,0,0,0,0,0,0,0,4,5,0,0,0,0,0,0,1,0,0,0,109,0,1,0,93,0,0,1,226,0,0,1,0,1,1,0,0,0,315,4,32,0,0,0,0,0,0,0,0,0,0,0,0,0,0,0,0,0,0,0,0,0,0,1,0,0,6,1,0,0,924,0,0,0,0,0,0,1,0,1,3,1,3,0,3,9,3,0,1,1,1,1,0,1,0,0,2,1,0,1,801,3,0,2,0,0,2,1,0,1,0,1,0,1
"52-B1",0,2,0,0,1,1,3,1,0,5,1,736,2,0,0,0,0,0,0,15,0,0,0,0,0,0,0,0,15,0,0,0,0,0,0,0,0,0,0,0,0,0,0,0,0,0,1,0,0,0,0,0,0,0,0,0,0,0,0,0,0,0,0,2,0,0,0,0,0,0,0,0,0,0,0,0,0,0,1,0,0,1,40,0,15,54,2,2,1,0,0,0,0,0,48,0,0,0,0,0,103,0,0,0,65,0,0,0,0,0,0,0,0,0,0,3,4,0,0,0,0,0,0,0,0,0,0,0,0,0,0,0,0,7,0,0,0,0,0,0,0,0,0,0,33,0,11,5,0,0,0,0,0,0,0,0,0,0,8,1,0,5,0,0,0,3,0,0,0,0,0,0,113,114,0,0,1,0,0,0,0,4,0,1,6,3,0,0,0,0,0,0,0,1,0,73,1,0,0,0,1,0,0,48,1,0,0,45,0,0,0,0,0,0,0,4,0,0,0,0,0,0,0,0,0,0,0,0,0,6,0,0,0,0,0,0,159,0,2,0,0,0,14,0,0,0,0,0,0,0,0,0,0,0,0,0,0,0,0,0,0,0,0,0,0,0,0,0,0,0,0,0,0,0,0,0,0,0,0,0,17,0,0,0,0,0,0,0,0,0,0,0,66,3,0,40,0,0,0,0,0,0,0,0,0,0,1,0,0,0,0,0,0,0,270,0,0,0,0,0,0,0,48,0,0,0,0,0,0,0,0,0,0,0,0,0,0,0,0,0,0,0,0,0,0,0,31,26,0,0,0,0,0,0,1,0,105,10,309,0,0,0,147,0,1,6,624,0,0,4,0,0,2083,16,16,2539,1,0,0,0,0,0,0,1,12,0,0,0,0,0,0,0,0,0,0,0,0,13,0,0,0,0,0,0,0,116,14,106,0,0,0,0,0,0,0,0,9,0,0,0,0,0,1,2,0,67,11,1,11,58,1,0,1,167,0,0,0,1,0,0,1,0,0,0,0,0,0,0,0,0,0,0,0,0,0,0,0,0,0,0,0,0,0,0,0,0,98,0,1,0,1,3,2,0,0,506,0,0,0,0,0,0,3,0,2,0,0,1,0,4,0,1,0,1,1,2,1,1,1,0,0,3,1,0,2,523,0,1,2,1,1,0,0,0,0,0,0,1,1
"53-B2",0,1,0,0,1,2,3,7,1,9,9,910,2,4,1,0,0,0,0,8,3,0,0,0,0,0,0,0,61,8,0,0,0,0,0,0,0,0,0,0,0,0,0,0,0,0,0,0,0,0,0,0,0,0,0,0,0,0,0,0,0,0,0,0,0,0,0,0,0,0,0,0,0,0,0,0,0,0,0,0,0,0,6,0,1,2,0,0,0,0,0,0,0,0,0,0,0,0,0,0,97,0,0,0,0,0,0,0,0,0,0,0,0,0,0,449,639,5,6,10,6,457,5,0,0,0,0,0,0,0,0,0,0,37,0,0,0,0,0,0,1,0,0,0,216,0,117,99,0,0,0,0,0,0,0,0,52,3,281,5,2,144,2,5,0,96,0,4,0,0,0,0,21,25,0,0,0,1,20,6,9,3,0,0,0,5,0,0,0,0,0,0,0,0,1,5,0,0,0,0,0,0,0,0,0,8,4,86,16,0,0,41,0,9,0,0,0,0,0,10,2,7,0,2,2,0,0,0,0,0,0,0,7,0,0,0,0,0,0,0,0,0,0,0,0,0,0,0,17,0,0,0,0,0,0,0,0,0,0,0,0,0,0,0,0,0,0,0,0,0,0,0,0,0,0,0,0,0,0,0,0,70,22,99,6,0,0,0,0,0,68,0,6,0,0,0,0,0,0,0,0,0,0,0,0,0,0,0,0,0,0,0,0,0,74,0,0,0,0,0,0,0,188,0,0,0,0,0,0,0,0,0,0,0,0,0,0,0,0,0,0,0,0,0,0,0,0,0,0,0,0,0,0,0,9,0,386,3,210,0,0,0,59,1,0,0,1053,0,0,0,0,0,105,0,0,114,0,0,0,0,0,102,2,0,0,0,0,0,0,0,0,0,0,0,0,0,0,79,0,0,0,0,0,0,0,3,0,5,0,0,0,0,0,5,14,0,0,2,3,0,0,0,0,1,0,133,0,0,0,90,0,0,1,271,1,1,1,1,0,0,0,1,0,0,0,0,0,0,4,3,0,165,1,0,0,0,0,0,0,0,2,0,0,0,0,0,0,1,1,1,0,2,0,0,0,855,0,0,0,1,0,0,3,1,2,3,0,4,4,3,2,0,1,1,7,5,8,0,2,0,0,2,0,2,2,1455,0,2,2,2,0,1,1,0,2,1,2,5,0
"54-B3",0,0,0,0,0,0,0,0,18,0,0,0,0,0,0,0,0,0,0,0,0,0,0,0,0,0,0,0,20,0,0,0,0,0,0,0,0,0,0,0,0,0,0,0,0,0,0,0,0,1,0,0,0,0,0,0,0,0,0,0,0,0,0,0,0,0,0,0,0,0,0,0,0,0,0,0,0,0,0,0,0,0,0,0,0,0,0,0,0,0,0,0,0,0,0,0,0,0,0,0,0,0,10,0,0,0,0,0,0,0,0,0,0,0,0,0,5,0,0,0,0,0,0,3,0,0,0,0,1,0,4,0,0,52,0,0,0,0,0,0,0,0,0,0,0,0,12,8,0,0,0,0,0,0,0,0,0,0,8,0,0,3,0,0,0,2,0,0,0,0,0,0,5,2,0,0,0,0,1,0,0,0,0,4,12,32,9,1,5,0,173,4,0,2,0,20,0,0,0,0,2,0,0,16,0,0,0,290,3,0,0,0,0,0,0,0,0,0,0,0,0,0,22,0,0,0,0,0,0,0,0,0,0,32,0,0,0,0,0,0,0,0,0,0,0,0,0,0,0,0,0,0,0,0,0,0,0,0,1,0,0,9,0,0,0,0,0,0,0,0,0,0,0,0,0,0,0,0,0,0,0,0,0,0,0,0,0,0,0,0,0,0,68,1,0,33,0,0,0,0,0,0,0,0,0,0,0,0,0,0,0,0,0,0,0,0,0,0,0,0,0,0,3,0,0,0,0,0,0,0,0,0,0,0,0,0,0,0,0,0,0,0,0,0,0,0,0,0,0,0,0,0,0,0,0,0,0,0,0,0,0,0,0,0,0,3,4880,3,2,0,0,0,0,0,0,1,0,0,0,0,0,0,0,0,2,0,0,0,0,0,0,0,0,0,0,1,0,41,0,0,0,0,0,0,0,0,0,0,0,0,0,0,0,1,1,0,0,104,85,0,0,0,0,0,0,0,0,0,0,0,0,0,0,0,0,0,0,0,0,0,0,0,0,0,0,0,0,0,0,0,0,0,0,0,0,0,0,0,0,0,0,0,0,0,0,0,0,1,2,4,5,11,6,1,1,3872,0,0,0,0,0,0,0,0,0,0,0,0,0,0,0,0,0,0,27,0,0,0,0,0,0,0,0,0,0,0,0,0,0,0,0,0,0,0,0,0,0,0,0
