"","Faecalibacterium","Fusicatenibacter","Lactobacillus","Carnobacterium","Abiotrophia","Granulicatella","Fructobacillus","Mycoplasma","Leptotrichia","Treponema 2","Hymenobacter","uncultured bacterium","Pedobacter","Rikenellaceae RC9 gut group","Alloprevotella","Prevotella 6","Prevotella 2","Prevotella 7","Prevotella","uncultured","Tannerella","Porphyromonas","uncultured bacterium","Flavobacterium","Capnocytophaga","Cloacibacterium","Bergeyella","Bdellovibrio","Silanimonas","Salinibacter","Stenotrophomonas","Pseudomonas","Alcanivorax","Escherichia-Shigella","Aggregatibacter","Actinobacillus","Haemophilus","Alkanindiges","Moraxella","Psychrobacter","Acinetobacter","Cardiobacterium","Neisseria","Burkholderia","Massilia","Ralstonia","Delftia","Acidovorax","Ottowia","Variovorax","Hydrogenophaga","Comamonas","Schlegelella","Pelomonas","Achromobacter","Alcaligenes","Lautropia","Bradyrhizobium","Brevundimonas","Rubellimicrobium","Paracocccus","Mesorhizobium","Deinococcus","Pleurocapsa","uncultured bacterium","Camelina sativa","Peptococcus","Peptostreptococcus","uncultured bacterium","Candidatus Saccharimonas","Mogibacterium","Family XIII UCG-001","uncultured","[Eubacterium] brachy group","unidentified","Filifactor","Peptoclostridium","Anaerococcus","Peptoniphilus","Finegoldia","Parvimonas","Atopobium","Slackia","Selenomonas","Oceanobacillus","Bacillus","Planomicrobium","Planococcus","Aliicoccus","Salinicoccus","Jeotgalicoccus","Staphylococcus","uncultured","[Eubacterium] nodatum group","Butyrivibrio 2","Catonella","uncultured","Johnsonella","Lachnoanaerobaculum","Oribacterium","Lachnospira","Stomatobaculum","Blautia","[Ruminococcus] gauvreauii group","Megasphaera","Dialister","Anaerovibrio","uncultured","Selenomonas 3","Veillonella","Ruminococcaceae UCG-005","Ruminococcaceae UCG-014","Solobacterium","Bulleidia","Alloiococcus","Dolosigranulum","Atopostipes","Gemella","Fusobacterium","Propionibacterium","Actinomyces","Propioniciclava","Mycobacterium","Actinopolyspora","Pseudonocardia","uncultured","Corynebacterium","Corynebacterium 1","Gordonia","uncultured","Micrococcus","Arthrobacter","Rothia","Quadrisphaera","uncultured Acidimicrobidae bacterium","Blastococcus","Microbacterium","Nocardioides","Aquipuribacter","Janibacter","Nesterenkonia","Yimella","uncultured","Streptococcus"
"29-B1",0.0,0.0,0.029854339713494642,0.0,0.0,0.003009510051763573,0.0,0.0,0.0,0.0,0.0,0.0,0.0,0.0,0.0,0.0,0.0,0.0,0.0,0.0,0.0,0.0,0.0,0.0,0.0,0.0,0.0,0.0,0.0,0.0,0.0,0.0,0.0,0.0,0.0,0.0,0.0,0.0,0.0,0.0,0.009510051763572891,0.0,0.0,0.0,0.0,0.00036114120621162876,0.0,0.0,0.0,0.0,0.0,0.0,0.0,0.021307331166486095,0.0,0.0,0.0,0.0,0.0,0.0,0.0,0.0,0.0,0.0,0.0,0.0,0.0,0.0,0.0,0.0,0.0,0.0,0.0,0.0,0.0,0.0,0.0,0.0,0.0,0.0,0.0,0.0,0.0,0.0,0.0,0.0,0.0,0.0,0.0,0.0,0.0,0.0,0.0,0.0,0.0,0.0,0.0,0.0,0.0,0.0,0.0,0.0,0.0,0.0,0.0,0.0,0.0,0.0,0.0,0.0,0.0,0.0,0.0,0.0,0.0,0.0,0.0,0.03178042614662333,0.0,0.2319730347899362,0.06837606837606838,0.0,0.0,0.00048152160828217165,0.0,0.0,0.0,0.0,0.0,0.0,0.0,0.0007222824124232575,0.4488985193210545,0.0,0.0,0.0,0.0,0.001203804020705429,0.0,0.0,0.0,0.0,0.0,0.15252196942337787
"30-B1",0.0,0.0,0.0,0.0,0.0,0.01755734973728053,0.0,0.0,0.0,0.0,0.0,0.0,0.0,0.0,0.0030757400999615533,0.00012815583749839805,0.0,0.012431116237344612,0.0030757400999615533,0.0,0.0,0.0,0.0,0.0,0.0,0.0,0.00012815583749839805,0.0,0.0,0.0,0.0,0.00038446751249519417,0.00012815583749839805,0.0,0.0,0.0,0.0,0.0,0.00012815583749839805,0.0,0.00397283096245034,0.0,0.0,0.0007689350249903883,0.0,0.0,0.0,0.0,0.0,0.0,0.0,0.0,0.0,0.0006407791874919902,0.0,0.0015378700499807767,0.0,0.0,0.0,0.0,0.0,0.0,0.0,0.0,0.0,0.0,0.0,0.0,0.0035883634499551454,0.012559272074843008,0.02691272587466359,0.0,0.0,0.040369088811995385,0.0,0.0,0.0,0.0,0.004229142637447136,0.0,0.13007817506087402,0.0008970908624887864,0.0002563116749967961,0.0,0.0,0.0,0.0,0.0,0.0,0.0,0.0,0.0,0.002691272587466359,0.0005126233499935922,0.0,0.006664103549916698,0.0,0.0,0.0,0.023836985774702037,0.0,0.009996155324875048,0.0,0.0,0.0,0.0007689350249903883,0.0,0.0,0.00012815583749839805,0.023836985774702037,0.0,0.0,0.008201973599897475,0.004998077662437524,0.0,0.0,0.0,0.11059848776111753,0.0016660258874791746,0.16737152377290784,0.10649750096116878,0.0,0.0,0.0,0.0,0.00038446751249519417,0.0,0.018838908112264515,0.0,0.0,0.0,0.0,0.0010252466999871844,0.0,0.0,0.0,0.0014097142124823785,0.0,0.0,0.0,0.0,0.0,0.0,0.24772523388440343
"31-B2",0.0,0.0,0.0,0.0,0.0,0.0,0.0,0.00021278859453133312,0.0007447600808596659,0.008724332375784658,0.0,0.0,0.0,0.0,0.0003191828917969997,0.0,0.017023087562506648,0.0006383657835939994,0.009788275348441323,0.018193424832428983,0.009149909564847325,0.0022342802425789976,0.0,0.0,0.0025534631343759975,0.0,0.00010639429726566656,0.0,0.0,0.0,0.0,0.0006383657835939994,0.0,0.0,0.007128417916799659,0.0,0.0,0.0,0.0,0.0,0.004362166187892329,0.03766358123204596,0.0006383657835939994,0.00042557718906266625,0.0,0.0047877433769549956,0.0,0.0,0.0,0.0,0.0,0.0,0.0,0.0047877433769549956,0.0,0.0,0.0032982232152356634,0.0,0.0010639429726566655,0.0,0.00021278859453133312,0.0,0.0,0.0,0.0,0.0,0.00042557718906266625,0.0025534631343759975,0.024896265560165973,0.00308543462070433,0.0,0.0,0.0,0.008405149483987658,0.0,0.0,0.0,0.0,0.0,0.0,0.0,0.0,0.0,0.0,0.0,0.0,0.0,0.0,0.0,0.0,0.0,0.0012767315671879987,0.0,0.0,0.0,0.0,0.10650069156293222,0.029896797531652305,0.010852218321097989,0.0,0.0,0.0,0.0,0.0,0.0,0.0,0.0,0.0014895201617193318,0.04649430790509629,0.02191722523672731,0.0,0.007128417916799659,0.0,0.0,0.0,0.0,0.0,0.0015959144589849984,0.039685072880093625,0.3196084689860623,0.0941589530801149,0.0,0.0,0.0,0.0,0.0,0.12182147036918821,0.00021278859453133312,0.0,0.002447068837110331,0.0,0.00042557718906266625,0.0006383657835939994,0.0,0.0,0.0,0.002021491648047665,0.0003191828917969997,0.0,0.0,0.0,0.0,0.0027662517289073307,0.014682413022661985
"32-B3",0.0,0.0,0.0,0.0,0.0009488666315234581,0.00010542962572482868,0.0,0.0,0.0,0.0,0.0,0.0010542962572482868,0.0,0.002530311017395888,0.0016868740115972588,0.012967843964153927,0.0,0.01750131787032156,0.014865577227200843,0.0,0.0,0.0,0.0011597258829731155,0.0,0.0008434370057986294,0.0,0.0,0.0,0.0,0.0,0.0,0.0,0.0,0.0,0.0,0.0,0.003268318397469689,0.0,0.0,0.0005271481286241434,0.0031628887717448603,0.0,0.0,0.0021085925144965737,0.0,0.005060622034791776,0.0,0.0,0.0,0.0,0.0,0.0,0.0,0.008118081180811807,0.0,0.0,0.0,0.0,0.0008434370057986294,0.0,0.0,0.0,0.0,0.0,0.0,0.0,0.0,0.008223510806536636,0.02561939905113337,0.003900896151818661,0.0024248813916710596,0.0,0.0,0.006958355297838692,0.01676331049024776,0.0,0.0,0.0279388508170796,0.004322614654717976,0.0,0.03110173958882446,0.012440695835529784,0.0,0.008434370057986295,0.0,0.0,0.0,0.0,0.0,0.0,0.0,0.005060622034791776,0.0,0.0063257775434897206,0.006852925672113864,0.0063257775434897206,0.0,0.0,0.0,0.04185556141275699,0.0,0.002635740643120717,0.0,0.0,0.0004217185028993147,0.00010542962572482868,0.0,0.0,0.0,0.01739588824459673,0.0,0.0015814443858724301,0.02224565102793885,0.006852925672113864,0.0,0.0,0.0,0.0005271481286241434,0.0,0.43774380600948865,0.09604638903531892,0.0,0.0,0.0,0.0,0.0,0.0,0.0,0.0,0.0,0.0,0.0,0.03995782814971007,0.0,0.0,0.0,0.01591987348444913,0.0,0.0,0.0,0.0005271481286241434,0.0,0.0,0.06673695308381655
"33-B1",0.0,0.0,0.0,0.0,0.0,0.0,0.000502108857200241,0.0,0.0,0.0,0.0,0.0,0.0006025306286402892,0.0,0.0,0.0,0.0,0.0,0.0,0.0,0.0,0.0,0.0,0.0,0.0012050612572805785,0.0,0.0,0.0,0.0,0.0,0.0,0.0,0.0,0.0,0.0,0.0,0.0,0.0,0.1329584253866238,0.0,0.019883510745129545,0.0,0.0,0.0014059048001606748,0.003414340228961639,0.0002008435428800964,0.0,0.0,0.0,0.0,0.0,0.0,0.0,0.002008435428800964,0.0,0.0,0.0,0.0,0.0,0.0,0.0,0.0,0.0,0.0,0.0,0.0,0.0,0.0,0.0,0.0,0.0,0.0,0.0,0.0,0.0,0.0,0.0,0.02239405503113075,0.0,0.004619401486242217,0.0,0.0,0.0,0.0,0.0,0.0,0.0,0.0,0.0,0.0,0.0,0.003514762000401687,0.0,0.0,0.0,0.0,0.0,0.0,0.0,0.0,0.0,0.0,0.0,0.0,0.0,0.0,0.0,0.0,0.0,0.0,0.0,0.0,0.0,0.0,0.0,0.0,0.0,0.0,0.0,0.7669210684876481,0.0,0.0,0.0,0.0,0.0,0.0,0.0001004217714400482,0.03464551114681663,0.0,0.0,0.0,0.0,0.0002008435428800964,0.0,0.0,0.0009037959429604338,0.003615183771841735,0.0,0.0004016870857601928,0.0,0.0,0.0,0.0,0.000502108857200241
"34-B1",0.0,0.0,0.0,0.00181068302987627,0.0,0.00181068302987627,0.0,0.0,0.0,0.0,0.0,0.0,0.0,0.0,0.0,0.0,0.0,0.0,0.0013077155215773062,0.0,0.0,0.002213057036515441,0.0,0.0,0.0,0.0,0.0,0.0,0.0,0.0,0.0,0.008651041142742179,0.00010059350165979277,0.0,0.0,0.0,0.00794688663112363,0.0,0.0,0.0,0.004526707574690675,0.0,0.0,0.010059350165979277,0.0,0.01740267578714415,0.0,0.0,0.0,0.0,0.0,0.0,0.0,0.017704456292123527,0.0,0.0,0.0,0.0007041545116185494,0.0,0.0,0.000905341514938135,0.0,0.0,0.0,0.0,0.0,0.0,0.0,0.0007041545116185494,0.0,0.0,0.0,0.0,0.0,0.0,0.0,0.0,0.00020118700331958554,0.0,0.00181068302987627,0.00010059350165979277,0.0,0.0,0.0,0.0,0.0,0.0,0.0,0.0,0.0,0.0,0.0,0.0,0.0,0.0,0.0,0.0,0.0,0.0,0.0,0.0,0.0,0.0,0.0,0.0,0.0,0.0,0.0,0.0,0.0,0.0,0.0,0.00010059350165979277,0.0,0.0,0.0,0.0,0.0,0.0,0.8691278543406096,0.008047480132783422,0.0,0.0,0.002716024544814405,0.0,0.0,0.008148073634443215,0.00030178050497937833,0.01629614726888643,0.0,0.0008047480132783422,0.0,0.002313650538175234,0.0,0.0,0.0,0.013680716225731818,0.0,0.0,0.0,0.0,0.0,0.0,0.0005029675082989639
"35-B2",0.0011575562700964631,0.0003858520900321543,0.0,0.0,0.01247588424437299,0.0,0.0,0.06315112540192926,0.0,0.0,0.0,0.0,0.0,0.0,0.0002572347266881029,0.0,0.0,0.00887459807073955,0.0,0.0,0.0,0.0014147909967845659,0.0,0.0,0.0,0.0,0.0,0.0,0.0,0.0,0.0,0.0,0.0018006430868167203,0.00012861736334405144,0.0,0.0,0.05260450160771704,0.0,0.0005144694533762058,0.0,0.040128617363344055,0.0,0.0,0.0,0.0,0.014405144694533762,0.0,0.0,0.0,0.0,0.0,0.0,0.0,0.004244372990353698,0.0,0.0005144694533762058,0.0,0.0,0.0,0.0,0.0,0.0,0.0,0.0,0.0,0.0,0.0,0.0,0.00887459807073955,0.0,0.0,0.0,0.0,0.0,0.0,0.0,0.0,0.0,0.0,0.0,0.0,0.0,0.0,0.0,0.024437299035369776,0.0,0.0,0.0,0.03189710610932476,0.0,0.0,0.0,0.0,0.0,0.0,0.013247588424437299,0.0,0.16154340836012862,0.0,0.0,0.0,0.0,0.0005144694533762058,0.0,0.0,0.0007717041800643086,0.0,0.0,0.0,0.0045016077170418,0.0,0.0,0.0,0.0,0.0,0.0,0.0,0.011061093247588425,0.04077170418006431,0.26495176848874596,0.09659163987138264,0.0,0.0,0.0,0.0,0.0,0.0,0.016720257234726688,0.0,0.0,0.0,0.0,0.011704180064308681,0.0,0.0,0.0,0.006945337620578778,0.007202572347266881,0.007845659163987138,0.0,0.07421221864951769,0.0,0.0,0.01414790996784566
"36-B3",0.0,0.0,0.0,0.0,0.001605872906629961,0.03234686854783207,0.0,0.0009176416609314062,0.0,0.0,0.0,0.0,0.0,0.0,0.00653819683413627,0.00011470520761642578,0.0004588208304657031,0.006308786418903418,0.0019499885294792384,0.0009176416609314062,0.0,0.007914659325533379,0.0,0.0,0.00022941041523285156,0.0,0.0,0.0,0.0,0.0,0.0,0.0,0.0,0.0,0.0020646937370956643,0.0005735260380821289,0.023055746730901584,0.0,0.00034411562284927734,0.0,0.0034411562284927736,0.0,0.0066529020417526955,0.00034411562284927734,0.0,0.0,0.00011470520761642578,0.0,0.0,0.0,0.0004588208304657031,0.0,0.0010323468685478321,0.002638219775177793,0.0,0.0,0.00011470520761642578,0.0,0.0,0.0,0.00011470520761642578,0.0,0.0,0.0,0.0,0.0,0.0025235145675613674,0.02993805918788713,0.0146822665749025,0.0025235145675613674,0.0043587978894241795,0.0004588208304657031,0.00011470520761642578,0.023170451938518008,0.0,0.006767607249369121,0.0008029364533149805,0.0,0.0,0.0,0.011011699931176875,0.00022941041523285156,0.0,0.0011470520761642578,0.0,0.0,0.0,0.0,0.0008029364533149805,0.0,0.0,0.0,0.0,0.0,0.0,0.006308786418903418,0.001605872906629961,0.005735260380821289,0.0006882312456985547,0.025808671713695802,0.0,0.011470520761642579,0.0,0.0,0.0,0.0,0.0,0.0,0.0028676301904106446,0.01938518008717596,0.0,0.0010323468685478321,0.0014911676990135353,0.0004588208304657031,0.0,0.0,0.0,0.07008488185363615,0.048290892406515254,0.1254874971323698,0.17102546455609086,0.0,0.0,0.0,0.0006882312456985547,0.0,0.009176416609314062,0.0,0.0,0.0,0.0,0.0,0.09463179628355127,0.0,0.0,0.0020646937370956643,0.00034411562284927734,0.0004588208304657031,0.0,0.0,0.0,0.0,0.0012617572837806837,0.20084881853636155
"37-B1",0.0,0.0,0.0,0.0,0.0010383017997231195,0.010383017997231195,0.0,0.004730041532071989,0.0,0.0049607752653437935,0.0,0.0,0.0,0.0,0.011882787263497924,0.03587909552376557,0.0,0.3281033687125058,0.014536225196123673,0.0,0.0,0.013497923396400553,0.0,0.0,0.0,0.0,0.0,0.0,0.00046146746654360867,0.0006922011998154131,0.00011536686663590217,0.00023073373327180433,0.0,0.0,0.0,0.005076142131979695,0.009806183664051685,0.0,0.0,0.0,0.0053068758652515,0.0,0.00011536686663590217,0.0018458698661744347,0.0,0.0024227041993539456,0.0,0.0,0.0,0.0,0.0,0.0,0.0,0.024111675126903553,0.0,0.0,0.00023073373327180433,0.0,0.0,0.0,0.0,0.0,0.0,0.0,0.0,0.0,0.0,0.021919704660821413,0.0027688047992616522,0.0,0.00034610059990770653,0.0,0.00046146746654360867,0.018920166128287955,0.0,0.0,0.0,0.0,0.0,0.0,0.006114443931702815,0.009921550530687587,0.0,0.0025380710659898475,0.0,0.0,0.0,0.0,0.0,0.0,0.0,0.0,0.0,0.00034610059990770653,0.00023073373327180433,0.0,0.0,0.0,0.00023073373327180433,0.009229349330872173,0.0,0.0,0.0,0.0,0.0025380710659898475,0.0,0.0,0.0,0.001961236732810337,0.08421781264420858,0.0,0.0,0.0013844023996308261,0.004730041532071989,0.0,0.0,0.0,0.03772496538994001,0.02284263959390863,0.02988001845869866,0.15724503922473465,0.0,0.0,0.0,0.0,0.0,0.0,0.0,0.0,0.0,0.0,0.0,0.01718966312874942,0.0,0.0,0.005191508998615597,0.002076603599446239,0.0,0.0,0.0,0.0,0.0,0.0,0.08456391324411629
"38-B2",0.0,0.0,0.0,0.0,0.0,0.03325914935707221,0.0,0.006181998021760633,0.0,0.000370919881305638,0.0,0.0,0.0,0.0,0.0004945598417408506,0.013105835806132542,0.0,0.07900593471810088,0.016567754698318497,0.0,0.0,0.004574678536102868,0.0,0.0,0.001483679525222552,0.0,0.0,0.0,0.0,0.0,0.0,0.0,0.0,0.0,0.0,0.0,0.008036597428288822,0.0,0.0,0.0,0.0,0.004080118694362018,0.0,0.0,0.0,0.0,0.0006181998021760633,0.0,0.0,0.0,0.0,0.0,0.0,0.0,0.0,0.0,0.0,0.0,0.0,0.0,0.0,0.0,0.0,0.0,0.0,0.0,0.0,0.08852621167161226,0.008531157270029673,0.004327398615232443,0.018916913946587538,0.0,0.0030909990108803167,0.017062314540059347,0.0,0.0,0.0,0.0,0.0,0.0,0.042903066271018794,0.004698318496538081,0.0,0.015702274975272008,0.0,0.0,0.0,0.0,0.0,0.0,0.0,0.0,0.0,0.0027200791295746785,0.0027200791295746785,0.005934718100890208,0.00605835806132542,0.0,0.002472799208704253,0.02423343224530168,0.0,0.000741839762611276,0.0,0.0,0.000370919881305638,0.0,0.0,0.0,0.0028437190900098912,0.05650346191889219,0.0,0.0,0.014465875370919881,0.0034619188921859545,0.0,0.0,0.0,0.08123145400593472,0.022131552917903065,0.009272997032640949,0.1824925816023739,0.0,0.0,0.0009891196834817012,0.0,0.0,0.0009891196834817012,0.0,0.0,0.0,0.0,0.0,0.07208209693372898,0.0,0.0,0.0,0.0,0.0,0.0,0.0,0.0,0.0,0.0,0.1367457962413452
"39-B3",0.0,0.0,0.0,0.0,0.0,0.019465602708257767,0.0,0.03228146536089953,0.0,0.004231652762664732,0.0,0.0,0.0,0.0,0.0006045218232378189,0.024180872929512754,0.0,0.27626647321968323,0.03300689154878491,0.0,0.0,0.008100592431386774,0.0,0.0,0.0014508523757707653,0.0,0.0,0.0,0.0,0.0,0.0,0.0,0.0,0.0,0.0,0.004231652762664732,0.02176278563656148,0.0,0.0,0.0,0.0015717567404183292,0.0,0.0,0.001088139281828074,0.0,0.0016926611050658929,0.0,0.0,0.0,0.0,0.0,0.0,0.0,0.002176278563656148,0.0,0.0,0.00012090436464756378,0.0,0.0,0.0,0.0,0.0007254261878853826,0.0,0.0,0.0,0.0,0.0,0.02756619513964454,0.019707411437552894,0.0071333575142062625,0.009067827348567283,0.0,0.0,0.012090436464756377,0.0,0.0,0.0,0.0,0.0,0.0,0.01958650707290533,0.0013299480111232016,0.0,0.0016926611050658929,0.0,0.0007254261878853826,0.0,0.0,0.0,0.0,0.0,0.0029017047515415306,0.0,0.00024180872929512756,0.0,0.0035062265747793494,0.0,0.0,0.003868939668722041,0.012574053923346633,0.0,0.004231652762664732,0.0,0.0,0.007616974972796518,0.0,0.0,0.0,0.00012090436464756378,0.13734735823963246,0.0,0.0,0.007616974972796518,0.0,0.0,0.0,0.0,0.016080280498125984,0.01728932414460162,0.06117760851166727,0.06734373110869303,0.0,0.0,0.0,0.0,0.0,0.0,0.0012090436464756377,0.0,0.00024180872929512756,0.0,0.0,0.026357151493168904,0.0,0.0,0.0,0.0,0.0,0.0,0.0,0.0,0.0,0.0,0.09841615282311691
"40-B1",0.0,0.0,0.0,0.0,0.0,0.0,0.0,0.0,0.0,0.0,0.0,0.0,0.0,0.0,0.0,0.0,0.0,0.0,0.0,0.0,0.0,0.0,0.0,0.0,0.0,0.0,0.0,0.0,0.0,0.0,0.0,0.0345150223515958,0.0,0.0,0.0,0.0,0.0,0.0,0.0,0.0,0.1123817444640815,0.0,0.0,0.0016633745711612433,0.0,0.018920885746959142,0.0,0.0,0.009460442873479571,0.0,0.0,0.0,0.0,0.29545690820251586,0.0,0.00031188273209273315,0.0,0.0,0.0053020064455764635,0.0,0.0,0.028797172263229025,0.0,0.0,0.0,0.0,0.0,0.0,0.0,0.0,0.0,0.0,0.0,0.0,0.0,0.0,0.0,0.0,0.0,0.0,0.0,0.0,0.0,0.0,0.0,0.0,0.0,0.0,0.0,0.0,0.0,0.0,0.0,0.0,0.0,0.0,0.0,0.0,0.0,0.0,0.0,0.0,0.0,0.0,0.0,0.0,0.0,0.0,0.0,0.0,0.0005198045534878886,0.0,0.0,0.0,0.0,0.0,0.07402016841667533,0.0,0.0,0.10105000519804554,0.0023911009460442873,0.0,0.0,0.0,0.0,0.0,0.0,0.015698097515334235,0.0,0.0,0.0,0.0,0.0,0.0,0.010604012891152927,0.0,0.2815261461690404,0.0072772637488304395,0.0,0.0,0.0,0.0,0.0,0.00010396091069757771
"41-B2",0.0,0.0,0.0,0.0,0.02020314767273133,0.02399821408639357,0.0,0.00044647840160732226,0.0,0.0,0.0,0.0,0.0,0.0,0.005134501618484206,0.0029021096104475948,0.0,0.006920415224913495,0.020984484875544145,0.0,0.002344011608438442,0.01004576403616475,0.0,0.0,0.001004576403616475,0.0,0.0,0.0,0.0,0.0,0.0,0.0,0.0,0.0,0.0,0.000781337202812814,0.046433753767161516,0.0,0.0,0.0,0.0034602076124567475,0.025337649291215538,0.006808795624511664,0.0005580980020091528,0.0,0.0003348588012054917,0.0,0.0,0.0,0.0,0.0,0.0,0.0,0.0005580980020091528,0.0,0.0,0.0,0.0,0.0,0.0,0.0,0.0,0.0,0.0,0.0,0.0,0.0,0.006920415224913495,0.002790490010045764,0.042415448152695615,0.008259850429735462,0.0,0.0,0.0,0.0,0.0,0.0006697176024109834,0.0,0.0,0.0,0.01841723406630204,0.0,0.0,0.004911262417680545,0.0,0.0,0.0,0.0,0.0,0.0,0.0,0.0005580980020091528,0.0,0.0,0.0021207724076347805,0.0016742940060274585,0.0,0.0,0.0036834468132604086,0.014957026453845295,0.0,0.0016742940060274585,0.0,0.0,0.00022323920080366113,0.0,0.0,0.0,0.017524277263087397,0.020314767273133163,0.0,0.0,0.0003348588012054917,0.0,0.00022323920080366113,0.0,0.0,0.1030248911708896,0.062172117423819624,0.01797075566469472,0.15861145217100123,0.0,0.0,0.0,0.0,0.0,0.011720058042192208,0.05402388659448599,0.0,0.0,0.0,0.0,0.02969081370688693,0.0,0.0,0.0,0.0,0.0,0.0,0.0,0.0,0.0,0.0,0.23685679205268445
"42-B3",0.0,0.0,0.0,0.0,0.0030303030303030303,0.001948051948051948,0.0,0.0,0.0,0.0,0.0,0.0,0.0,0.0,0.0,0.0004329004329004329,0.0,0.03441558441558441,0.008225108225108226,0.0,0.0,0.0,0.0,0.0,0.0,0.0,0.0,0.0006493506493506494,0.0,0.0,0.0,0.0,0.0,0.00021645021645021645,0.0,0.0,0.00010822510822510823,0.0042207792207792205,0.001406926406926407,0.0,0.008008658008658008,0.0,0.0,0.00021645021645021645,0.0,0.002813852813852814,0.0,0.0,0.0,0.0,0.0,0.0,0.0,0.010173160173160173,0.0,0.0,0.0,0.00010822510822510823,0.0,0.0,0.0,0.0,0.0,0.0010822510822510823,0.0,0.0,0.0,0.007251082251082251,0.0007575757575757576,0.014285714285714285,0.0,0.0,0.0,0.0,0.0,0.0,0.0,0.0,0.0,0.0,0.0,0.0,0.008008658008658008,0.0012987012987012987,0.0,0.0005411255411255411,0.0,0.0,0.0,0.0,0.0,0.0,0.0,0.0,0.006385281385281385,0.0031385281385281384,0.003354978354978355,0.0,0.0,0.006168831168831169,0.0,0.0,0.0,0.0,0.0,0.0,0.0,0.0,0.008658008658008658,0.012229437229437229,0.0,0.0,0.0007575757575757576,0.0,0.0,0.0,0.0,0.021861471861471863,0.0,0.4015151515151515,0.08636363636363636,0.0,0.0004329004329004329,0.0,0.0,0.0,0.0,0.24945887445887446,0.0,0.0,0.0,0.0011904761904761906,0.0,0.0,0.0,0.0,0.00551948051948052,0.0,0.0,0.0,0.0,0.0,0.0006493506493506494,0.08311688311688312
"44-B2",0.0,0.0,0.0009279307145066501,0.0,0.0,0.0014434477781214558,0.0,0.0,0.0,0.0,0.0,0.0,0.0,0.0,0.0,0.00010310341272296113,0.0,0.0005155170636148056,0.0,0.0,0.0,0.0,0.0,0.0,0.0,0.0,0.0,0.0,0.0,0.0,0.0,0.0,0.0,0.0,0.0005155170636148056,0.0,0.0,0.0,0.0,0.0,0.006083101350654706,0.0,0.0,0.0,0.0,0.00010310341272296113,0.0,0.0,0.0,0.0,0.0,0.0,0.0,0.00010310341272296113,0.0,0.0,0.0,0.0,0.0,0.0005155170636148056,0.0025775853180740283,0.00010310341272296113,0.0008248273017836891,0.0,0.0,0.0,0.0,0.0,0.0,0.0,0.0,0.0,0.0,0.0,0.0,0.0,0.0,0.00010310341272296113,0.0,0.0,0.00020620682544592226,0.0,0.0,0.0,0.0,0.0,0.0,0.0,0.0,0.0,0.0,0.009794824208681307,0.0,0.0,0.0,0.0,0.0,0.0,0.0,0.0017527580162903392,0.0,0.0,0.0,0.0,0.0,0.0,0.0008248273017836891,0.0,0.0,0.0007217238890607279,0.0,0.0,0.0,0.0,0.0,0.0021651716671821837,0.0,0.0029899989689658726,0.00010310341272296113,0.8768945252087844,0.0034024126198577173,0.0,0.0,0.0,0.0,0.0009279307145066501,0.0,0.00639241158882359,0.0,0.0,0.0,0.0,0.0049489638107021346,0.0,0.0,0.0,0.0027837921435199505,0.0,0.0,0.0,0.0,0.0014434477781214558,0.0,0.07072894112795133
"45-B3",0.0,0.0019198193111236589,0.0013551665725578769,0.0,0.0,0.0,0.0,0.0,0.0,0.0,0.0,0.0,0.0,0.0,0.0,0.0,0.0,0.0,0.0,0.0,0.0,0.0,0.0,0.0,0.0,0.0,0.0,0.0,0.0,0.0,0.0,0.01513269339356296,0.0006775832862789384,0.003500846979107849,0.0,0.0,0.0,0.0,0.0,0.0,0.010050818746470921,0.0,0.0,0.010615471485036703,0.0,0.0032749858836815357,0.0003387916431394692,0.0,0.0,0.0,0.0,0.0013551665725578769,0.0,0.0016939582156973462,0.0,0.007001693958215698,0.0,0.0,0.0,0.0,0.0,0.0,0.0,0.0,0.0,0.0,0.0,0.0,0.0,0.0,0.0,0.0,0.0,0.0,0.0,0.0,0.0,0.0,0.0,0.0,0.0,0.0,0.0,0.0,0.0,0.0,0.0,0.0,0.0,0.005420666290231507,0.0037267080745341614,0.10400903444381705,0.0,0.0,0.0,0.0,0.0,0.0,0.0,0.0,0.004065499717673631,0.0,0.007453416149068323,0.0019198193111236589,0.0,0.0,0.0,0.0,0.0,0.0019198193111236589,0.0,0.0,0.0,0.0,0.0031620553359683794,0.03308865047995483,0.0,0.0029361942405420668,0.0,0.21682665160926032,0.0037267080745341614,0.017391304347826087,0.0,0.0,0.0,0.0,0.0,0.16521739130434782,0.0,0.0,0.0,0.0016939582156973462,0.020214568040654995,0.00011293054771315641,0.0,0.0,0.013777526821005082,0.0,0.0,0.0016939582156973462,0.0,0.0,0.0,0.3347261434217956
"48-B3",0.0,0.0,0.0,0.0,0.0002194666959288928,0.0,0.0,0.0,0.0,0.0,0.004828267310435641,0.0,0.0,0.0,0.003840667178755624,0.0015362668715022496,0.0,0.008998134533084604,0.0023044003072533745,0.0,0.0,0.0014265335235378032,0.0,0.0,0.0002194666959288928,0.0,0.0012070668276089104,0.0,0.0,0.0,0.0,0.0,0.0,0.0,0.0,0.002523867003182267,0.01635026884670251,0.0,0.0001097333479644464,0.0,0.006474267529902337,0.0,0.0,0.004608800614506749,0.0,0.006474267529902337,0.0,0.0,0.0,0.0,0.0,0.0,0.0,0.01338746845166246,0.0,0.0,0.008888401185120158,0.0,0.0,0.0,0.0,0.0,0.0,0.0,0.0,0.0,0.0,0.005376934050257873,0.016569735542631407,0.017118402282453638,0.0,0.0,0.0,0.0,0.0,0.0,0.0,0.0,0.0,0.0,0.0,0.0,0.0,0.0,0.0,0.0,0.0,0.0,0.0,0.0,0.0,0.05728080763744102,0.0,0.0,0.0,0.00395040052672007,0.0,0.0004389333918577856,0.006035334138044551,0.04948973993196532,0.0,0.0,0.0,0.0,0.0,0.0,0.0,0.0,0.000548666739822232,0.02030066937342258,0.0,0.0,0.0,0.0,0.0,0.0,0.0,0.06748600899813453,0.11763414901788653,0.1721716229562164,0.06605947547459673,0.0,0.0,0.0,0.0,0.0026336003511467135,0.0,0.10512454734993965,0.0,0.0,0.0,0.0,0.01635026884670251,0.0,0.0,0.0,0.0009876001316800175,0.0,0.0,0.0,0.0,0.0,0.0,0.19104575880610117
"49-B1",0.0,0.0,0.0,0.0,0.0,0.05714285714285714,0.0,0.0008583690987124463,0.0001226241569589209,0.0,0.0,0.0,0.0,0.0,0.004904966278356836,0.005885959534028203,0.0,0.023543838136112813,0.011894543225015328,0.0001226241569589209,0.0009809932556713672,0.00797057020232986,0.0004904966278356836,0.0,0.0008583690987124463,0.0,0.0,0.0,0.0,0.0,0.0,0.0,0.0,0.0,0.0,0.0,0.013120784794604537,0.0,0.0,0.0,0.0,0.0,0.0,0.0,0.0,0.0,0.0,0.0,0.0,0.0,0.0,0.0,0.0,0.0,0.0,0.0,0.0,0.0,0.0,0.0,0.0,0.0,0.0,0.0,0.0,0.0,0.0,0.005518087063151441,0.004414469650521152,0.0002452483139178418,0.014714898835070508,0.0,0.0,0.0,0.0001226241569589209,0.0,0.0,0.0,0.0001226241569589209,0.0,0.00404659717964439,0.006499080318822808,0.0003678724708767627,0.0033108522378908645,0.0,0.0,0.0,0.0,0.0,0.0,0.0,0.0002452483139178418,0.0,0.0,0.0,0.0015941140404659717,0.0,0.0,0.011036174126302882,0.007725321888412017,0.0,0.0158185162477008,0.0,0.0,0.0014714898835070508,0.0,0.0,0.0,0.007234825260576333,0.025260576333537708,0.0,0.0,0.019619865113427344,0.0,0.0,0.0,0.0,0.0779889638258737,0.02427958307786634,0.010545677498467198,0.3097486204782342,0.0,0.0,0.0,0.0,0.0,0.0,0.0006131207847946045,0.0,0.0,0.0,0.0,0.0950337216431637,0.0,0.0,0.0,0.0,0.0,0.0,0.0,0.0,0.0,0.0,0.22452483139178417
"50-B2",0.0,0.0,0.0,0.0,0.0,0.0044571428571428574,0.0,0.0,0.0,0.0,0.0,0.0,0.00011428571428571428,0.0,0.0176,0.004571428571428572,0.0,0.035885714285714285,0.009942857142857142,0.0,0.0008,0.008685714285714286,0.00034285714285714285,0.0,0.0,0.0,0.00011428571428571428,0.0,0.0,0.0006857142857142857,0.0,0.0,0.007657142857142857,0.0,0.0,0.0,0.0026285714285714285,0.0,0.0006857142857142857,0.0,0.0014857142857142857,0.0,0.0,0.006171428571428572,0.00011428571428571428,0.0034285714285714284,0.00011428571428571428,0.0,0.0,0.0,0.0,0.0,0.0,0.003657142857142857,0.0,0.0014857142857142857,0.0,0.0,0.0,0.004571428571428572,0.0,0.0,0.0,0.0,0.0,0.0018285714285714285,0.0,0.0044571428571428574,0.008228571428571429,0.0,0.002285714285714286,0.0,0.0,0.0,0.0,0.00045714285714285713,0.0,0.0,0.0,0.0,0.0,0.002285714285714286,0.0034285714285714284,0.0,0.0,0.0,0.00011428571428571428,0.0,0.0,0.0,0.0,0.0070857142857142855,0.0,0.0,0.0,0.0,0.0,0.0,0.036457142857142855,0.005828571428571429,0.0,0.01017142857142857,0.0,0.0,0.002285714285714286,0.0,0.0,0.0,0.004685714285714286,0.0344,0.0,0.0,0.0192,0.0,0.0,0.0,0.0,0.04582857142857143,0.015085714285714286,0.28205714285714284,0.2430857142857143,0.0,0.0,0.0,0.0,0.0,0.0,0.00011428571428571428,0.0,0.0,0.0,0.0,0.0496,0.00045714285714285713,0.0,0.0,0.0,0.0,0.0,0.0,0.0,0.0,0.0,0.10537142857142857
"52-B1",0.0,0.0,0.0,0.0,0.0,0.0016893794346210158,0.0,0.0,0.0,0.0,0.0,0.0,0.0,0.0,0.00011262529564140106,0.0,0.0,0.018470548485189774,0.00022525059128280213,0.0,0.0,0.011600405451064309,0.0,0.0,0.0,0.0,0.0,0.0,0.0,0.0,0.0007883770694898074,0.0,0.0007883770694898074,0.0,0.0,0.003716634756166235,0.001802004730262417,0.0,0.0,0.0,0.001914630025903818,0.0,0.0,0.0,0.00045050118256560425,0.0011262529564140106,0.0,0.0,0.0,0.0,0.0,0.00011262529564140106,0.0,0.013965536659533732,0.0,0.005068138303863047,0.0,0.0,0.0,0.0,0.0,0.0,0.0006757517738484064,0.0,0.0,0.0,0.0,0.01813267259826557,0.0015767541389796148,0.0,0.0,0.0,0.0,0.0,0.0,0.0,0.0,0.0,0.0,0.0,0.0,0.0,0.0,0.0,0.0,0.001914630025903818,0.0,0.0,0.0,0.0,0.0,0.012276157224912715,0.0,0.0,0.0,0.00011262529564140106,0.0,0.0,0.0,0.030408829823178284,0.0,0.0,0.0,0.0,0.0,0.0,0.0,0.0,0.0,0.005406014190787251,0.0,0.0,0.00641964185155986,0.0,0.0,0.0,0.0,0.04775312535195405,0.016555918459285956,0.1395427412996959,0.5523144498254308,0.0,0.0,0.0,0.0,0.00011262529564140106,0.0013515035476968128,0.0014641288433382138,0.0,0.0,0.0,0.0,0.03626534519653114,0.0,0.0,0.0,0.0,0.0,0.0,0.0,0.0,0.0,0.0,0.06588579795021962
"53-B2",0.0,0.0,0.0,0.0,0.0,0.006934970441109595,0.0009095043201455207,0.0,0.0,0.0,0.0,0.0,0.0,0.0,0.0,0.0,0.0,0.0010231923601637107,0.0,0.0,0.0,0.01102773988176444,0.0,0.0,0.0,0.0,0.0,0.0,0.0,0.0,0.17928603910868576,0.0,0.004206457480673033,0.0,0.0,0.02455661664392906,0.02467030468394725,0.0,0.0,0.0,0.06753069577080491,0.0,0.0,0.0023874488403819918,0.0020463847203274215,0.0005684402000909505,0.0,0.0,0.0,0.0,0.0,0.0,0.00011368804001819008,0.0005684402000909505,0.001364256480218281,0.011596180081855388,0.004661209640745794,0.0010231923601637107,0.0,0.0,0.002160072760345612,0.00022737608003638017,0.0,0.0,0.0007958162801273306,0.0,0.0,0.0,0.0019326966803092315,0.0,0.0,0.0,0.0,0.0,0.0,0.0,0.0,0.0,0.0,0.0,0.0,0.0,0.0,0.0,0.0,0.0,0.013756252842201,0.0006821282401091405,0.0,0.007730786721236926,0.0,0.0006821282401091405,0.0,0.0,0.0,0.0,0.0,0.0,0.0,0.008412914961346066,0.0,0.0,0.0,0.0,0.0,0.0,0.0,0.0,0.0,0.021373351523419737,0.0,0.0,0.0,0.0,0.0,0.0,0.0,0.06809913597089585,0.0068212824010914054,0.21737153251477945,0.02796725784447476,0.0,0.0,0.011596180081855388,0.00022737608003638017,0.0,0.0,0.008981355161437016,0.0,0.0,0.0005684402000909505,0.0,0.05695770804911323,0.0,0.0,0.0,0.019668030923146885,0.0,0.00022737608003638017,0.0,0.0,0.0,0.00011368804001819008,0.17917235106866758
"54-B3",0.0,0.0,0.0,0.0,0.0,0.002055921052631579,0.0,0.0,0.0,0.0,0.0,0.0,0.0,0.0,0.0,0.0,0.0,0.0,0.0,0.0,0.0,0.0,0.0,0.0010279605263157894,0.0,0.0,0.0,0.0,0.0,0.0,0.0005139802631578947,0.0005139802631578947,0.005345394736842105,0.0,0.0,0.0,0.002055921052631579,0.0,0.0,0.0,0.0013363486842105264,0.0,0.0,0.00010279605263157894,0.0,0.004934210526315789,0.0010279605263157894,0.0005139802631578947,0.0,0.00041118421052631577,0.0,0.00020559210526315788,0.0,0.00390625,0.0,0.03011924342105263,0.0,0.0,0.0,0.0,0.002261513157894737,0.0,0.0,0.0,0.0,0.0,0.0,0.0,0.0,0.0,0.0,0.0,0.0,0.0,0.0,0.00010279605263157894,0.0,0.0009251644736842105,0.0,0.0,0.0,0.0,0.0,0.0,0.0,0.0,0.0,0.0,0.0,0.0,0.0,0.010485197368421052,0.0,0.0,0.0,0.0,0.0,0.0,0.0,0.0,0.0,0.0,0.0,0.0,0.0,0.0,0.0,0.0,0.0,0.0003083881578947368,0.0,0.0,0.0,0.0,0.0,0.0,0.0,0.0,0.0,0.9029605263157895,0.0003083881578947368,0.0,0.0,0.0,0.0,0.0,0.00020559210526315788,0.004317434210526316,0.0,0.0,0.01942845394736842,0.0,0.0,0.0,0.0,0.0,0.0,0.0,0.0,0.0,0.0,0.0,0.0,0.004625822368421052
